id,name,price,description
1,harbor kestrel,136,"harbor kestrel nova quartz tidal willow zephyr cedar fable iris lumen onyx, item 1"
2,onyx river,173,"onyx river umber xenon amber delta glade juniper maple pine sable violet, item 2"
3,violet yarrow,210,"violet yarrow birch ember harbor kestrel nova quartz tidal willow zephyr cedar, item 3"
4,cedar fable,247,"cedar fable iris lumen onyx river umber xenon amber delta glade juniper, item 4"
5,juniper maple,284,"juniper maple pine sable violet yarrow birch ember harbor kestrel nova quartz, item 5"
6,quartz tidal,321,"quartz tidal willow zephyr cedar fable iris lumen onyx river umber xenon, item 6"
7,xenon amber,358,"xenon amber delta glade juniper maple pine sable violet yarrow birch ember, item 7"
8,ember harbor,395,"ember harbor kestrel nova quartz tidal willow zephyr cedar fable iris lumen, item 8"
9,lumen onyx,432,"lumen onyx river umber xenon amber delta glade juniper maple pine sable, item 9"
10,sable violet,469,"sable violet yarrow birch ember harbor kestrel nova quartz tidal willow zephyr, item 10"
11,zephyr cedar,506,"zephyr cedar fable iris lumen onyx river umber xenon amber delta glade, item 11"
12,glade juniper,543,"glade juniper maple pine sable violet yarrow birch ember harbor kestrel nova, item 12"
13,nova quartz,580,"nova quartz tidal willow zephyr cedar fable iris lumen onyx river umber, item 13"
14,umber xenon,617,"umber xenon amber delta glade juniper maple pine sable violet yarrow birch, item 14"
15,birch ember,654,"birch ember harbor kestrel nova quartz tidal willow zephyr cedar fable iris, item 15"
16,iris lumen,691,"iris lumen onyx river umber xenon amber delta glade juniper maple pine, item 16"
17,pine sable,728,"pine sable violet yarrow birch ember harbor kestrel nova quartz tidal willow, item 17"
18,willow zephyr,765,"willow zephyr cedar fable iris lumen onyx river umber xenon amber delta, item 18"
19,delta glade,802,"delta glade juniper maple pine sable violet yarrow birch ember harbor kestrel, item 19"
20,kestrel nova,839,"kestrel nova quartz tidal willow zephyr cedar fable iris lumen onyx river, item 20"
21,river umber,876,"river umber xenon amber delta glade juniper maple pine sable violet yarrow, item 21"
22,yarrow birch,913,"yarrow birch ember harbor kestrel nova quartz tidal willow zephyr cedar fable, item 22"
23,fable iris,950,"fable iris lumen onyx river umber xenon amber delta glade juniper maple, item 23"
24,maple pine,987,"maple pine sable violet yarrow birch ember harbor kestrel nova quartz tidal, item 24"
25,tidal willow,1024,"tidal willow zephyr cedar fable iris lumen onyx river umber xenon amber, item 25"
26,amber delta,1061,"amber delta glade juniper maple pine sable violet yarrow birch ember harbor, item 26"
27,harbor kestrel,1098,"harbor kestrel nova quartz tidal willow zephyr cedar fable iris lumen onyx, item 27"
28,onyx river,1135,"onyx river umber xenon amber delta glade juniper maple pine sable violet, item 28"
29,violet yarrow,1172,"violet yarrow birch ember harbor kestrel nova quartz tidal willow zephyr cedar, item 29"
30,cedar fable,1209,"cedar fable iris lumen onyx river umber xenon amber delta glade juniper, item 30"
31,juniper maple,1246,"juniper maple pine sable violet yarrow birch ember harbor kestrel nova quartz, item 31"
32,quartz tidal,1283,"quartz tidal willow zephyr cedar fable iris lumen onyx river umber xenon, item 32"
33,xenon amber,1320,"xenon amber delta glade juniper maple pine sable violet yarrow birch ember, item 33"
34,ember harbor,1357,"ember harbor kestrel nova quartz tidal willow zephyr cedar fable iris lumen, item 34"
35,lumen onyx,1394,"lumen onyx river umber xenon amber delta glade juniper maple pine sable, item 35"
36,sable violet,1431,"sable violet yarrow birch ember harbor kestrel nova quartz tidal willow zephyr, item 36"
37,zephyr cedar,1468,"zephyr cedar fable iris lumen onyx river umber xenon amber delta glade, item 37"
38,glade juniper,1505,"glade juniper maple pine sable violet yarrow birch ember harbor kestrel nova, item 38"
39,nova quartz,1542,"nova quartz tidal willow zephyr cedar fable iris lumen onyx river umber, item 39"
40,umber xenon,1579,"umber xenon amber delta glade juniper maple pine sable violet yarrow birch, item 40"
41,birch ember,1616,"birch ember harbor kestrel nova quartz tidal willow zephyr cedar fable iris, item 41"
42,iris lumen,1653,"iris lumen onyx river umber xenon amber delta glade juniper maple pine, item 42"
43,pine sable,1690,"pine sable violet yarrow birch ember harbor kestrel nova quartz tidal willow, item 43"
44,willow zephyr,1727,"willow zephyr cedar fable iris lumen onyx river umber xenon amber delta, item 44"
45,delta glade,1764,"delta glade juniper maple pine sable violet yarrow birch ember harbor kestrel, item 45"
46,kestrel nova,1801,"kestrel nova quartz tidal willow zephyr cedar fable iris lumen onyx river, item 46"
47,river umber,1838,"river umber xenon amber delta glade juniper maple pine sable violet yarrow, item 47"
48,yarrow birch,1875,"yarrow birch ember harbor kestrel nova quartz tidal willow zephyr cedar fable, item 48"
49,fable iris,1912,"fable iris lumen onyx river umber xenon amber delta glade juniper maple, item 49"
50,maple pine,1949,"maple pine sable violet yarrow birch ember harbor kestrel nova quartz tidal, item 50"
51,tidal willow,1986,"tidal willow zephyr cedar fable iris lumen onyx river umber xenon amber, item 51"
52,amber delta,2023,"amber delta glade juniper maple pine sable violet yarrow birch ember harbor, item 52"
53,harbor kestrel,2060,"harbor kestrel nova quartz tidal willow zephyr cedar fable iris lumen onyx, item 53"
54,onyx river,2097,"onyx river umber xenon amber delta glade juniper maple pine sable violet, item 54"
55,violet yarrow,2134,"violet yarrow birch ember harbor kestrel nova quartz tidal willow zephyr cedar, item 55"
56,cedar fable,2171,"cedar fable iris lumen onyx river umber xenon amber delta glade juniper, item 56"
57,juniper maple,2208,"juniper maple pine sable violet yarrow birch ember harbor kestrel nova quartz, item 57"
58,quartz tidal,2245,"quartz tidal willow zephyr cedar fable iris lumen onyx river umber xenon, item 58"
59,xenon amber,2282,"xenon amber delta glade juniper maple pine sable violet yarrow birch ember, item 59"
60,ember harbor,2319,"ember harbor kestrel nova quartz tidal willow zephyr cedar fable iris lumen, item 60"
61,lumen onyx,2356,"lumen onyx river umber xenon amber delta glade juniper maple pine sable, item 61"
62,sable violet,2393,"sable violet yarrow birch ember harbor kestrel nova quartz tidal willow zephyr, item 62"
63,zephyr cedar,2430,"zephyr cedar fable iris lumen onyx river umber xenon amber delta glade, item 63"
64,glade juniper,2467,"glade juniper maple pine sable violet yarrow birch ember harbor kestrel nova, item 64"
65,nova quartz,2504,"nova quartz tidal willow zephyr cedar fable iris lumen onyx river umber, item 65"
66,umber xenon,2541,"umber xenon amber delta glade juniper maple pine sable violet yarrow birch, item 66"
67,birch ember,2578,"birch ember harbor kestrel nova quartz tidal willow zephyr cedar fable iris, item 67"
68,iris lumen,2615,"iris lumen onyx river umber xenon amber delta glade juniper maple pine, item 68"
69,pine sable,2652,"pine sable violet yarrow birch ember harbor kestrel nova quartz tidal willow, item 69"
70,willow zephyr,2689,"willow zephyr cedar fable iris lumen onyx river umber xenon amber delta, item 70"
71,delta glade,2726,"delta glade juniper maple pine sable violet yarrow birch ember harbor kestrel, item 71"
72,kestrel nova,2763,"kestrel nova quartz tidal willow zephyr cedar fable iris lumen onyx river, item 72"
73,river umber,2800,"river umber xenon amber delta glade juniper maple pine sable violet yarrow, item 73"
74,yarrow birch,2837,"yarrow birch ember harbor kestrel nova quartz tidal willow zephyr cedar fable, item 74"
75,fable iris,2874,"fable iris lumen onyx river umber xenon amber delta glade juniper maple, item 75"
76,maple pine,2911,"maple pine sable violet yarrow birch ember harbor kestrel nova quartz tidal, item 76"
77,tidal willow,2948,"tidal willow zephyr cedar fable iris lumen onyx river umber xenon amber, item 77"
78,amber delta,2985,"amber delta glade juniper maple pine sable violet yarrow birch ember harbor, item 78"
79,harbor kestrel,3022,"harbor kestrel nova quartz tidal willow zephyr cedar fable iris lumen onyx, item 79"
80,onyx river,3059,"onyx river umber xenon amber delta glade juniper maple pine sable violet, item 80"
81,violet yarrow,3096,"violet yarrow birch ember harbor kestrel nova quartz tidal willow zephyr cedar, item 81"
82,cedar fable,3133,"cedar fable iris lumen onyx river umber xenon amber delta glade juniper, item 82"
83,juniper maple,3170,"juniper maple pine sable violet yarrow birch ember harbor kestrel nova quartz, item 83"
84,quartz tidal,3207,"quartz tidal willow zephyr cedar fable iris lumen onyx river umber xenon, item 84"
85,xenon amber,3244,"xenon amber delta glade juniper maple pine sable violet yarrow birch ember, item 85"
86,ember harbor,3281,"ember harbor kestrel nova quartz tidal willow zephyr cedar fable iris lumen, item 86"
87,lumen onyx,3318,"lumen onyx river umber xenon amber delta glade juniper maple pine sable, item 87"
88,sable violet,3355,"sable violet yarrow birch ember harbor kestrel nova quartz tidal willow zephyr, item 88"
89,zephyr cedar,3392,"zephyr cedar fable iris lumen onyx river umber xenon amber delta glade, item 89"
90,glade juniper,3429,"glade juniper maple pine sable violet yarrow birch ember harbor kestrel nova, item 90"
91,nova quartz,3466,"nova quartz tidal willow zephyr cedar fable iris lumen onyx river umber, item 91"
92,umber xenon,3503,"umber xenon amber delta glade juniper maple pine sable violet yarrow birch, item 92"
93,birch ember,3540,"birch ember harbor kestrel nova quartz tidal willow zephyr cedar fable iris, item 93"
94,iris lumen,3577,"iris lumen onyx river umber xenon amber delta glade juniper maple pine, item 94"
95,pine sable,3614,"pine sable violet yarrow birch ember harbor kestrel nova quartz tidal willow, item 95"
96,willow zephyr,3651,"willow zephyr cedar fable iris lumen onyx river umber xenon amber delta, item 96"
97,delta glade,3688,"delta glade juniper maple pine sable violet yarrow birch ember harbor kestrel, item 97"
98,kestrel nova,3725,"kestrel nova quartz tidal willow zephyr cedar fable iris lumen onyx river, item 98"
99,river umber,3762,"river umber xenon amber delta glade juniper maple pine sable violet yarrow, item 99"
100,yarrow birch,3799,"yarrow birch ember harbor kestrel nova quartz tidal willow zephyr cedar fable, item 100"
101,fable iris,3836,"fable iris lumen onyx river umber xenon amber delta glade juniper maple, item 101"
102,maple pine,3873,"maple pine sable violet yarrow birch ember harbor kestrel nova quartz tidal, item 102"
103,tidal willow,3910,"tidal willow zephyr cedar fable iris lumen onyx river umber xenon amber, item 103"
104,amber delta,3947,"amber delta glade juniper maple pine sable violet yarrow birch ember harbor, item 104"
105,harbor kestrel,3984,"harbor kestrel nova quartz tidal willow zephyr cedar fable iris lumen onyx, item 105"
106,onyx river,4021,"onyx river umber xenon amber delta glade juniper maple pine sable violet, item 106"
107,violet yarrow,4058,"violet yarrow birch ember harbor kestrel nova quartz tidal willow zephyr cedar, item 107"
108,cedar fable,4095,"cedar fable iris lumen onyx river umber xenon amber delta glade juniper, item 108"
109,juniper maple,4132,"juniper maple pine sable violet yarrow birch ember harbor kestrel nova quartz, item 109"
110,quartz tidal,4169,"quartz tidal willow zephyr cedar fable iris lumen onyx river umber xenon, item 110"
111,xenon amber,4206,"xenon amber delta glade juniper maple pine sable violet yarrow birch ember, item 111"
112,ember harbor,4243,"ember harbor kestrel nova quartz tidal willow zephyr cedar fable iris lumen, item 112"
113,lumen onyx,4280,"lumen onyx river umber xenon amber delta glade juniper maple pine sable, item 113"
114,sable violet,4317,"sable violet yarrow birch ember harbor kestrel nova quartz tidal willow zephyr, item 114"
115,zephyr cedar,4354,"zephyr cedar fable iris lumen onyx river umber xenon amber delta glade, item 115"
116,glade juniper,4391,"glade juniper maple pine sable violet yarrow birch ember harbor kestrel nova, item 116"
117,nova quartz,4428,"nova quartz tidal willow zephyr cedar fable iris lumen onyx river umber, item 117"
118,umber xenon,4465,"umber xenon amber delta glade juniper maple pine sable violet yarrow birch, item 118"
119,birch ember,4502,"birch ember harbor kestrel nova quartz tidal willow zephyr cedar fable iris, item 119"
120,iris lumen,4539,"iris lumen onyx river umber xenon amber delta glade juniper maple pine, item 120"
121,pine sable,4576,"pine sable violet yarrow birch ember harbor kestrel nova quartz tidal willow, item 121"
122,willow zephyr,4613,"willow zephyr cedar fable iris lumen onyx river umber xenon amber delta, item 122"
123,delta glade,4650,"delta glade juniper maple pine sable violet yarrow birch ember harbor kestrel, item 123"
124,kestrel nova,4687,"kestrel nova quartz tidal willow zephyr cedar fable iris lumen onyx river, item 124"
125,river umber,4724,"river umber xenon amber delta glade juniper maple pine sable violet yarrow, item 125"
126,yarrow birch,4761,"yarrow birch ember harbor kestrel nova quartz tidal willow zephyr cedar fable, item 126"
127,fable iris,4798,"fable iris lumen onyx river umber xenon amber delta glade juniper maple, item 127"
128,maple pine,4835,"maple pine sable violet yarrow birch ember harbor kestrel nova quartz tidal, item 128"
129,tidal willow,4872,"tidal willow zephyr cedar fable iris lumen onyx river umber xenon amber, item 129"
130,amber delta,4909,"amber delta glade juniper maple pine sable violet yarrow birch ember harbor, item 130"
131,harbor kestrel,4946,"harbor kestrel nova quartz tidal willow zephyr cedar fable iris lumen onyx, item 131"
132,onyx river,4983,"onyx river umber xenon amber delta glade juniper maple pine sable violet, item 132"
133,violet yarrow,5020,"violet yarrow birch ember harbor kestrel nova quartz tidal willow zephyr cedar, item 133"
134,cedar fable,5057,"cedar fable iris lumen onyx river umber xenon amber delta glade juniper, item 134"
135,juniper maple,5094,"juniper maple pine sable violet yarrow birch ember harbor kestrel nova quartz, item 135"
136,quartz tidal,5131,"quartz tidal willow zephyr cedar fable iris lumen onyx river umber xenon, item 136"
137,xenon amber,5168,"xenon amber delta glade juniper maple pine sable violet yarrow birch ember, item 137"
138,ember harbor,5205,"ember harbor kestrel nova quartz tidal willow zephyr cedar fable iris lumen, item 138"
139,lumen onyx,5242,"lumen onyx river umber xenon amber delta glade juniper maple pine sable, item 139"
140,sable violet,5279,"sable violet yarrow birch ember harbor kestrel nova quartz tidal willow zephyr, item 140"
141,zephyr cedar,5316,"zephyr cedar fable iris lumen onyx river umber xenon amber delta glade, item 141"
142,glade juniper,5353,"glade juniper maple pine sable violet yarrow birch ember harbor kestrel nova, item 142"
143,nova quartz,5390,"nova quartz tidal willow zephyr cedar fable iris lumen onyx river umber, item 143"
144,umber xenon,5427,"umber xenon amber delta glade juniper maple pine sable violet yarrow birch, item 144"
145,birch ember,5464,"birch ember harbor kestrel nova quartz tidal willow zephyr cedar fable iris, item 145"
146,iris lumen,5501,"iris lumen onyx river umber xenon amber delta glade juniper maple pine, item 146"
147,pine sable,5538,"pine sable violet yarrow birch ember harbor kestrel nova quartz tidal willow, item 147"
148,willow zephyr,5575,"willow zephyr cedar fable iris lumen onyx river umber xenon amber delta, item 148"
149,delta glade,5612,"delta glade juniper maple pine sable violet yarrow birch ember harbor kestrel, item 149"
150,kestrel nova,5649,"kestrel nova quartz tidal willow zephyr cedar fable iris lumen onyx river, item 150"
151,river umber,5686,"river umber xenon amber delta glade juniper maple pine sable violet yarrow, item 151"
152,yarrow birch,5723,"yarrow birch ember harbor kestrel nova quartz tidal willow zephyr cedar fable, item 152"
153,fable iris,5760,"fable iris lumen onyx river umber xenon amber delta glade juniper maple, item 153"
154,maple pine,5797,"maple pine sable violet yarrow birch ember harbor kestrel nova quartz tidal, item 154"
155,tidal willow,5834,"tidal willow zephyr cedar fable iris lumen onyx river umber xenon amber, item 155"
156,amber delta,5871,"amber delta glade juniper maple pine sable violet yarrow birch ember harbor, item 156"
157,harbor kestrel,5908,"harbor kestrel nova quartz tidal willow zephyr cedar fable iris lumen onyx, item 157"
158,onyx river,5945,"onyx river umber xenon amber delta glade juniper maple pine sable violet, item 158"
159,violet yarrow,5982,"violet yarrow birch ember harbor kestrel nova quartz tidal willow zephyr cedar, item 159"
160,cedar fable,6019,"cedar fable iris lumen onyx river umber xenon amber delta glade juniper, item 160"
161,juniper maple,6056,"juniper maple pine sable violet yarrow birch ember harbor kestrel nova quartz, item 161"
162,quartz tidal,6093,"quartz tidal willow zephyr cedar fable iris lumen onyx river umber xenon, item 162"
163,xenon amber,6130,"xenon amber delta glade juniper maple pine sable violet yarrow birch ember, item 163"
164,ember harbor,6167,"ember harbor kestrel nova quartz tidal willow zephyr cedar fable iris lumen, item 164"
165,lumen onyx,6204,"lumen onyx river umber xenon amber delta glade juniper maple pine sable, item 165"
166,sable violet,6241,"sable violet yarrow birch ember harbor kestrel nova quartz tidal willow zephyr, item 166"
167,zephyr cedar,6278,"zephyr cedar fable iris lumen onyx river umber xenon amber delta glade, item 167"
168,glade juniper,6315,"glade juniper maple pine sable violet yarrow birch ember harbor kestrel nova, item 168"
169,nova quartz,6352,"nova quartz tidal willow zephyr cedar fable iris lumen onyx river umber, item 169"
170,umber xenon,6389,"umber xenon amber delta glade juniper maple pine sable violet yarrow birch, item 170"
171,birch ember,6426,"birch ember harbor kestrel nova quartz tidal willow zephyr cedar fable iris, item 171"
172,iris lumen,6463,"iris lumen onyx river umber xenon amber delta glade juniper maple pine, item 172"
173,pine sable,6500,"pine sable violet yarrow birch ember harbor kestrel nova quartz tidal willow, item 173"
174,willow zephyr,6537,"willow zephyr cedar fable iris lumen onyx river umber xenon amber delta, item 174"
175,delta glade,6574,"delta glade juniper maple pine sable violet yarrow birch ember harbor kestrel, item 175"
176,kestrel nova,6611,"kestrel nova quartz tidal willow zephyr cedar fable iris lumen onyx river, item 176"
177,river umber,6648,"river umber xenon amber delta glade juniper maple pine sable violet yarrow, item 177"
178,yarrow birch,6685,"yarrow birch ember harbor kestrel nova quartz tidal willow zephyr cedar fable, item 178"
179,fable iris,6722,"fable iris lumen onyx river umber xenon amber delta glade juniper maple, item 179"
180,maple pine,6759,"maple pine sable violet yarrow birch ember harbor kestrel nova quartz tidal, item 180"
181,tidal willow,6796,"tidal willow zephyr cedar fable iris lumen onyx river umber xenon amber, item 181"
182,amber delta,6833,"amber delta glade juniper maple pine sable violet yarrow birch ember harbor, item 182"
183,harbor kestrel,6870,"harbor kestrel nova quartz tidal willow zephyr cedar fable iris lumen onyx, item 183"
184,onyx river,6907,"onyx river umber xenon amber delta glade juniper maple pine sable violet, item 184"
185,violet yarrow,6944,"violet yarrow birch ember harbor kestrel nova quartz tidal willow zephyr cedar, item 185"
186,cedar fable,6981,"cedar fable iris lumen onyx river umber xenon amber delta glade juniper, item 186"
187,juniper maple,7018,"juniper maple pine sable violet yarrow birch ember harbor kestrel nova quartz, item 187"
188,quartz tidal,7055,"quartz tidal willow zephyr cedar fable iris lumen onyx river umber xenon, item 188"
189,xenon amber,7092,"xenon amber delta glade juniper maple pine sable violet yarrow birch ember, item 189"
190,ember harbor,7129,"ember harbor kestrel nova quartz tidal willow zephyr cedar fable iris lumen, item 190"
191,lumen onyx,7166,"lumen onyx river umber xenon amber delta glade juniper maple pine sable, item 191"
192,sable violet,7203,"sable violet yarrow birch ember harbor kestrel nova quartz tidal willow zephyr, item 192"
193,zephyr cedar,7240,"zephyr cedar fable iris lumen onyx river umber xenon amber delta glade, item 193"
194,glade juniper,7277,"glade juniper maple pine sable violet yarrow birch ember harbor kestrel nova, item 194"
195,nova quartz,7314,"nova quartz tidal willow zephyr cedar fable iris lumen onyx river umber, item 195"
196,umber xenon,7351,"umber xenon amber delta glade juniper maple pine sable violet yarrow birch, item 196"
197,birch ember,7388,"birch ember harbor kestrel nova quartz tidal willow zephyr cedar fable iris, item 197"
198,iris lumen,7425,"iris lumen onyx river umber xenon amber delta glade juniper maple pine, item 198"
199,pine sable,7462,"pine sable violet yarrow birch ember harbor kestrel nova quartz tidal willow, item 199"
200,willow zephyr,7499,"willow zephyr cedar fable iris lumen onyx river umber xenon amber delta, item 200"
201,delta glade,7536,"delta glade juniper maple pine sable violet yarrow birch ember harbor kestrel, item 201"
202,kestrel nova,7573,"kestrel nova quartz tidal willow zephyr cedar fable iris lumen onyx river, item 202"
203,river umber,7610,"river umber xenon amber delta glade juniper maple pine sable violet yarrow, item 203"
204,yarrow birch,7647,"yarrow birch ember harbor kestrel nova quartz tidal willow zephyr cedar fable, item 204"
205,fable iris,7684,"fable iris lumen onyx river umber xenon amber delta glade juniper maple, item 205"
206,maple pine,7721,"maple pine sable violet yarrow birch ember harbor kestrel nova quartz tidal, item 206"
207,tidal willow,7758,"tidal willow zephyr cedar fable iris lumen onyx river umber xenon amber, item 207"
208,amber delta,7795,"amber delta glade juniper maple pine sable violet yarrow birch ember harbor, item 208"
209,harbor kestrel,7832,"harbor kestrel nova quartz tidal willow zephyr cedar fable iris lumen onyx, item 209"
210,onyx river,7869,"onyx river umber xenon amber delta glade juniper maple pine sable violet, item 210"
211,violet yarrow,7906,"violet yarrow birch ember harbor kestrel nova quartz tidal willow zephyr cedar, item 211"
212,cedar fable,7943,"cedar fable iris lumen onyx river umber xenon amber delta glade juniper, item 212"
213,juniper maple,7980,"juniper maple pine sable violet yarrow birch ember harbor kestrel nova quartz, item 213"
214,quartz tidal,8017,"quartz tidal willow zephyr cedar fable iris lumen onyx river umber xenon, item 214"
215,xenon amber,8054,"xenon amber delta glade juniper maple pine sable violet yarrow birch ember, item 215"
216,ember harbor,8091,"ember harbor kestrel nova quartz tidal willow zephyr cedar fable iris lumen, item 216"
217,lumen onyx,8128,"lumen onyx river umber xenon amber delta glade juniper maple pine sable, item 217"
218,sable violet,8165,"sable violet yarrow birch ember harbor kestrel nova quartz tidal willow zephyr, item 218"
219,zephyr cedar,8202,"zephyr cedar fable iris lumen onyx river umber xenon amber delta glade, item 219"
220,glade juniper,8239,"glade juniper maple pine sable violet yarrow birch ember harbor kestrel nova, item 220"
221,nova quartz,8276,"nova quartz tidal willow zephyr cedar fable iris lumen onyx river umber, item 221"
222,umber xenon,8313,"umber xenon amber delta glade juniper maple pine sable violet yarrow birch, item 222"
223,birch ember,8350,"birch ember harbor kestrel nova quartz tidal willow zephyr cedar fable iris, item 223"
224,iris lumen,8387,"iris lumen onyx river umber xenon amber delta glade juniper maple pine, item 224"
225,pine sable,8424,"pine sable violet yarrow birch ember harbor kestrel nova quartz tidal willow, item 225"
226,willow zephyr,8461,"willow zephyr cedar fable iris lumen onyx river umber xenon amber delta, item 226"
227,delta glade,8498,"delta glade juniper maple pine sable violet yarrow birch ember harbor kestrel, item 227"
228,kestrel nova,8535,"kestrel nova quartz tidal willow zephyr cedar fable iris lumen onyx river, item 228"
229,river umber,8572,"river umber xenon amber delta glade juniper maple pine sable violet yarrow, item 229"
230,yarrow birch,8609,"yarrow birch ember harbor kestrel nova quartz tidal willow zephyr cedar fable, item 230"
231,fable iris,8646,"fable iris lumen onyx river umber xenon amber delta glade juniper maple, item 231"
232,maple pine,8683,"maple pine sable violet yarrow birch ember harbor kestrel nova quartz tidal, item 232"
233,tidal willow,8720,"tidal willow zephyr cedar fable iris lumen onyx river umber xenon amber, item 233"
234,amber delta,8757,"amber delta glade juniper maple pine sable violet yarrow birch ember harbor, item 234"
235,harbor kestrel,8794,"harbor kestrel nova quartz tidal willow zephyr cedar fable iris lumen onyx, item 235"
236,onyx river,8831,"onyx river umber xenon amber delta glade juniper maple pine sable violet, item 236"
237,violet yarrow,8868,"violet yarrow birch ember harbor kestrel nova quartz tidal willow zephyr cedar, item 237"
238,cedar fable,8905,"cedar fable iris lumen onyx river umber xenon amber delta glade juniper, item 238"
239,juniper maple,8942,"juniper maple pine sable violet yarrow birch ember harbor kestrel nova quartz, item 239"
240,quartz tidal,8979,"quartz tidal willow zephyr cedar fable iris lumen onyx river umber xenon, item 240"
241,xenon amber,9016,"xenon amber delta glade juniper maple pine sable violet yarrow birch ember, item 241"
242,ember harbor,9053,"ember harbor kestrel nova quartz tidal willow zephyr cedar fable iris lumen, item 242"
243,lumen onyx,9090,"lumen onyx river umber xenon amber delta glade juniper maple pine sable, item 243"
244,sable violet,9127,"sable violet yarrow birch ember harbor kestrel nova quartz tidal willow zephyr, item 244"
245,zephyr cedar,9164,"zephyr cedar fable iris lumen onyx river umber xenon amber delta glade, item 245"
246,glade juniper,9201,"glade juniper maple pine sable violet yarrow birch ember harbor kestrel nova, item 246"
247,nova quartz,9238,"nova quartz tidal willow zephyr cedar fable iris lumen onyx river umber, item 247"
248,umber xenon,9275,"umber xenon amber delta glade juniper maple pine sable violet yarrow birch, item 248"
249,birch ember,9312,"birch ember harbor kestrel nova quartz tidal willow zephyr cedar fable iris, item 249"
250,iris lumen,9349,"iris lumen onyx river umber xenon amber delta glade juniper maple pine, item 250"
251,pine sable,9386,"pine sable violet yarrow birch ember harbor kestrel nova quartz tidal willow, item 251"
252,willow zephyr,9423,"willow zephyr cedar fable iris lumen onyx river umber xenon amber delta, item 252"
253,delta glade,9460,"delta glade juniper maple pine sable violet yarrow birch ember harbor kestrel, item 253"
254,kestrel nova,9497,"kestrel nova quartz tidal willow zephyr cedar fable iris lumen onyx river, item 254"
255,river umber,9534,"river umber xenon amber delta glade juniper maple pine sable violet yarrow, item 255"
256,yarrow birch,9571,"yarrow birch ember harbor kestrel nova quartz tidal willow zephyr cedar fable, item 256"
257,fable iris,9608,"fable iris lumen onyx river umber xenon amber delta glade juniper maple, item 257"
258,maple pine,9645,"maple pine sable violet yarrow birch ember harbor kestrel nova quartz tidal, item 258"
259,tidal willow,9682,"tidal willow zephyr cedar fable iris lumen onyx river umber xenon amber, item 259"
260,amber delta,9719,"amber delta glade juniper maple pine sable violet yarrow birch ember harbor, item 260"
261,harbor kestrel,9756,"harbor kestrel nova quartz tidal willow zephyr cedar fable iris lumen onyx, item 261"
262,onyx river,9793,"onyx river umber xenon amber delta glade juniper maple pine sable violet, item 262"
263,violet yarrow,9830,"violet yarrow birch ember harbor kestrel nova quartz tidal willow zephyr cedar, item 263"
264,cedar fable,9867,"cedar fable iris lumen onyx river umber xenon amber delta glade juniper, item 264"
265,juniper maple,9904,"juniper maple pine sable violet yarrow birch ember harbor kestrel nova quartz, item 265"
266,quartz tidal,9941,"quartz tidal willow zephyr cedar fable iris lumen onyx river umber xenon, item 266"
267,xenon amber,9978,"xenon amber delta glade juniper maple pine sable violet yarrow birch ember, item 267"
268,ember harbor,10015,"ember harbor kestrel nova quartz tidal willow zephyr cedar fable iris lumen, item 268"
269,lumen onyx,10052,"lumen onyx river umber xenon amber delta glade juniper maple pine sable, item 269"
270,sable violet,10089,"sable violet yarrow birch ember harbor kestrel nova quartz tidal willow zephyr, item 270"
271,zephyr cedar,126,"zephyr cedar fable iris lumen onyx river umber xenon amber delta glade, item 271"
272,glade juniper,163,"glade juniper maple pine sable violet yarrow birch ember harbor kestrel nova, item 272"
273,nova quartz,200,"nova quartz tidal willow zephyr cedar fable iris lumen onyx river umber, item 273"
274,umber xenon,237,"umber xenon amber delta glade juniper maple pine sable violet yarrow birch, item 274"
275,birch ember,274,"birch ember harbor kestrel nova quartz tidal willow zephyr cedar fable iris, item 275"
276,iris lumen,311,"iris lumen onyx river umber xenon amber delta glade juniper maple pine, item 276"
277,pine sable,348,"pine sable violet yarrow birch ember harbor kestrel nova quartz tidal willow, item 277"
278,willow zephyr,385,"willow zephyr cedar fable iris lumen onyx river umber xenon amber delta, item 278"
279,delta glade,422,"delta glade juniper maple pine sable violet yarrow birch ember harbor kestrel, item 279"
280,kestrel nova,459,"kestrel nova quartz tidal willow zephyr cedar fable iris lumen onyx river, item 280"
281,river umber,496,"river umber xenon amber delta glade juniper maple pine sable violet yarrow, item 281"
282,yarrow birch,533,"yarrow birch ember harbor kestrel nova quartz tidal willow zephyr cedar fable, item 282"
283,fable iris,570,"fable iris lumen onyx river umber xenon amber delta glade juniper maple, item 283"
284,maple pine,607,"maple pine sable violet yarrow birch ember harbor kestrel nova quartz tidal, item 284"
285,tidal willow,644,"tidal willow zephyr cedar fable iris lumen onyx river umber xenon amber, item 285"
286,amber delta,681,"amber delta glade juniper maple pine sable violet yarrow birch ember harbor, item 286"
287,harbor kestrel,718,"harbor kestrel nova quartz tidal willow zephyr cedar fable iris lumen onyx, item 287"
288,onyx river,755,"onyx river umber xenon amber delta glade juniper maple pine sable violet, item 288"
289,violet yarrow,792,"violet yarrow birch ember harbor kestrel nova quartz tidal willow zephyr cedar, item 289"
290,cedar fable,829,"cedar fable iris lumen onyx river umber xenon amber delta glade juniper, item 290"
291,juniper maple,866,"juniper maple pine sable violet yarrow birch ember harbor kestrel nova quartz, item 291"
292,quartz tidal,903,"quartz tidal willow zephyr cedar fable iris lumen onyx river umber xenon, item 292"
293,xenon amber,940,"xenon amber delta glade juniper maple pine sable violet yarrow birch ember, item 293"
294,ember harbor,977,"ember harbor kestrel nova quartz tidal willow zephyr cedar fable iris lumen, item 294"
295,lumen onyx,1014,"lumen onyx river umber xenon amber delta glade juniper maple pine sable, item 295"
296,sable violet,1051,"sable violet yarrow birch ember harbor kestrel nova quartz tidal willow zephyr, item 296"
297,zephyr cedar,1088,"zephyr cedar fable iris lumen onyx river umber xenon amber delta glade, item 297"
298,glade juniper,1125,"glade juniper maple pine sable violet yarrow birch ember harbor kestrel nova, item 298"
299,nova quartz,1162,"nova quartz tidal willow zephyr cedar fable iris lumen onyx river umber, item 299"
300,umber xenon,1199,"umber xenon amber delta glade juniper maple pine sable violet yarrow birch, item 300"
301,birch ember,1236,"birch ember harbor kestrel nova quartz tidal willow zephyr cedar fable iris, item 301"
302,iris lumen,1273,"iris lumen onyx river umber xenon amber delta glade juniper maple pine, item 302"
303,pine sable,1310,"pine sable violet yarrow birch ember harbor kestrel nova quartz tidal willow, item 303"
304,willow zephyr,1347,"willow zephyr cedar fable iris lumen onyx river umber xenon amber delta, item 304"
305,delta glade,1384,"delta glade juniper maple pine sable violet yarrow birch ember harbor kestrel, item 305"
306,kestrel nova,1421,"kestrel nova quartz tidal willow zephyr cedar fable iris lumen onyx river, item 306"
307,river umber,1458,"river umber xenon amber delta glade juniper maple pine sable violet yarrow, item 307"
308,yarrow birch,1495,"yarrow birch ember harbor kestrel nova quartz tidal willow zephyr cedar fable, item 308"
309,fable iris,1532,"fable iris lumen onyx river umber xenon amber delta glade juniper maple, item 309"
310,maple pine,1569,"maple pine sable violet yarrow birch ember harbor kestrel nova quartz tidal, item 310"
311,tidal willow,1606,"tidal willow zephyr cedar fable iris lumen onyx river umber xenon amber, item 311"
312,amber delta,1643,"amber delta glade juniper maple pine sable violet yarrow birch ember harbor, item 312"
313,harbor kestrel,1680,"harbor kestrel nova quartz tidal willow zephyr cedar fable iris lumen onyx, item 313"
314,onyx river,1717,"onyx river umber xenon amber delta glade juniper maple pine sable violet, item 314"
315,violet yarrow,1754,"violet yarrow birch ember harbor kestrel nova quartz tidal willow zephyr cedar, item 315"
316,cedar fable,1791,"cedar fable iris lumen onyx river umber xenon amber delta glade juniper, item 316"
317,juniper maple,1828,"juniper maple pine sable violet yarrow birch ember harbor kestrel nova quartz, item 317"
318,quartz tidal,1865,"quartz tidal willow zephyr cedar fable iris lumen onyx river umber xenon, item 318"
319,xenon amber,1902,"xenon amber delta glade juniper maple pine sable violet yarrow birch ember, item 319"
320,ember harbor,1939,"ember harbor kestrel nova quartz tidal willow zephyr cedar fable iris lumen, item 320"
321,lumen onyx,1976,"lumen onyx river umber xenon amber delta glade juniper maple pine sable, item 321"
322,sable violet,2013,"sable violet yarrow birch ember harbor kestrel nova quartz tidal willow zephyr, item 322"
323,zephyr cedar,2050,"zephyr cedar fable iris lumen onyx river umber xenon amber delta glade, item 323"
324,glade juniper,2087,"glade juniper maple pine sable violet yarrow birch ember harbor kestrel nova, item 324"
325,nova quartz,2124,"nova quartz tidal willow zephyr cedar fable iris lumen onyx river umber, item 325"
326,umber xenon,2161,"umber xenon amber delta glade juniper maple pine sable violet yarrow birch, item 326"
327,birch ember,2198,"birch ember harbor kestrel nova quartz tidal willow zephyr cedar fable iris, item 327"
328,iris lumen,2235,"iris lumen onyx river umber xenon amber delta glade juniper maple pine, item 328"
329,pine sable,2272,"pine sable violet yarrow birch ember harbor kestrel nova quartz tidal willow, item 329"
330,willow zephyr,2309,"willow zephyr cedar fable iris lumen onyx river umber xenon amber delta, item 330"
331,delta glade,2346,"delta glade juniper maple pine sable violet yarrow birch ember harbor kestrel, item 331"
332,kestrel nova,2383,"kestrel nova quartz tidal willow zephyr cedar fable iris lumen onyx river, item 332"
333,river umber,2420,"river umber xenon amber delta glade juniper maple pine sable violet yarrow, item 333"
334,yarrow birch,2457,"yarrow birch ember harbor kestrel nova quartz tidal willow zephyr cedar fable, item 334"
335,fable iris,2494,"fable iris lumen onyx river umber xenon amber delta glade juniper maple, item 335"
336,maple pine,2531,"maple pine sable violet yarrow birch ember harbor kestrel nova quartz tidal, item 336"
337,tidal willow,2568,"tidal willow zephyr cedar fable iris lumen onyx river umber xenon amber, item 337"
338,amber delta,2605,"amber delta glade juniper maple pine sable violet yarrow birch ember harbor, item 338"
339,harbor kestrel,2642,"harbor kestrel nova quartz tidal willow zephyr cedar fable iris lumen onyx, item 339"
340,onyx river,2679,"onyx river umber xenon amber delta glade juniper maple pine sable violet, item 340"
341,violet yarrow,2716,"violet yarrow birch ember harbor kestrel nova quartz tidal willow zephyr cedar, item 341"
342,cedar fable,2753,"cedar fable iris lumen onyx river umber xenon amber delta glade juniper, item 342"
343,juniper maple,2790,"juniper maple pine sable violet yarrow birch ember harbor kestrel nova quartz, item 343"
344,quartz tidal,2827,"quartz tidal willow zephyr cedar fable iris lumen onyx river umber xenon, item 344"
345,xenon amber,2864,"xenon amber delta glade juniper maple pine sable violet yarrow birch ember, item 345"
346,ember harbor,2901,"ember harbor kestrel nova quartz tidal willow zephyr cedar fable iris lumen, item 346"
347,lumen onyx,2938,"lumen onyx river umber xenon amber delta glade juniper maple pine sable, item 347"
348,sable violet,2975,"sable violet yarrow birch ember harbor kestrel nova quartz tidal willow zephyr, item 348"
349,zephyr cedar,3012,"zephyr cedar fable iris lumen onyx river umber xenon amber delta glade, item 349"
350,glade juniper,3049,"glade juniper maple pine sable violet yarrow birch ember harbor kestrel nova, item 350"
351,nova quartz,3086,"nova quartz tidal willow zephyr cedar fable iris lumen onyx river umber, item 351"
352,umber xenon,3123,"umber xenon amber delta glade juniper maple pine sable violet yarrow birch, item 352"
353,birch ember,3160,"birch ember harbor kestrel nova quartz tidal willow zephyr cedar fable iris, item 353"
354,iris lumen,3197,"iris lumen onyx river umber xenon amber delta glade juniper maple pine, item 354"
355,pine sable,3234,"pine sable violet yarrow birch ember harbor kestrel nova quartz tidal willow, item 355"
356,willow zephyr,3271,"willow zephyr cedar fable iris lumen onyx river umber xenon amber delta, item 356"
357,delta glade,3308,"delta glade juniper maple pine sable violet yarrow birch ember harbor kestrel, item 357"
358,kestrel nova,3345,"kestrel nova quartz tidal willow zephyr cedar fable iris lumen onyx river, item 358"
359,river umber,3382,"river umber xenon amber delta glade juniper maple pine sable violet yarrow, item 359"
360,yarrow birch,3419,"yarrow birch ember harbor kestrel nova quartz tidal willow zephyr cedar fable, item 360"
361,fable iris,3456,"fable iris lumen onyx river umber xenon amber delta glade juniper maple, item 361"
362,maple pine,3493,"maple pine sable violet yarrow birch ember harbor kestrel nova quartz tidal, item 362"
363,tidal willow,3530,"tidal willow zephyr cedar fable iris lumen onyx river umber xenon amber, item 363"
364,amber delta,3567,"amber delta glade juniper maple pine sable violet yarrow birch ember harbor, item 364"
365,harbor kestrel,3604,"harbor kestrel nova quartz tidal willow zephyr cedar fable iris lumen onyx, item 365"
366,onyx river,3641,"onyx river umber xenon amber delta glade juniper maple pine sable violet, item 366"
367,violet yarrow,3678,"violet yarrow birch ember harbor kestrel nova quartz tidal willow zephyr cedar, item 367"
368,cedar fable,3715,"cedar fable iris lumen onyx river umber xenon amber delta glade juniper, item 368"
369,juniper maple,3752,"juniper maple pine sable violet yarrow birch ember harbor kestrel nova quartz, item 369"
370,quartz tidal,3789,"quartz tidal willow zephyr cedar fable iris lumen onyx river umber xenon, item 370"
371,xenon amber,3826,"xenon amber delta glade juniper maple pine sable violet yarrow birch ember, item 371"
372,ember harbor,3863,"ember harbor kestrel nova quartz tidal willow zephyr cedar fable iris lumen, item 372"
373,lumen onyx,3900,"lumen onyx river umber xenon amber delta glade juniper maple pine sable, item 373"
374,sable violet,3937,"sable violet yarrow birch ember harbor kestrel nova quartz tidal willow zephyr, item 374"
375,zephyr cedar,3974,"zephyr cedar fable iris lumen onyx river umber xenon amber delta glade, item 375"
376,glade juniper,4011,"glade juniper maple pine sable violet yarrow birch ember harbor kestrel nova, item 376"
377,nova quartz,4048,"nova quartz tidal willow zephyr cedar fable iris lumen onyx river umber, item 377"
378,umber xenon,4085,"umber xenon amber delta glade juniper maple pine sable violet yarrow birch, item 378"
379,birch ember,4122,"birch ember harbor kestrel nova quartz tidal willow zephyr cedar fable iris, item 379"
380,iris lumen,4159,"iris lumen onyx river umber xenon amber delta glade juniper maple pine, item 380"
381,pine sable,4196,"pine sable violet yarrow birch ember harbor kestrel nova quartz tidal willow, item 381"
382,willow zephyr,4233,"willow zephyr cedar fable iris lumen onyx river umber xenon amber delta, item 382"
383,delta glade,4270,"delta glade juniper maple pine sable violet yarrow birch ember harbor kestrel, item 383"
384,kestrel nova,4307,"kestrel nova quartz tidal willow zephyr cedar fable iris lumen onyx river, item 384"
385,river umber,4344,"river umber xenon amber delta glade juniper maple pine sable violet yarrow, item 385"
386,yarrow birch,4381,"yarrow birch ember harbor kestrel nova quartz tidal willow zephyr cedar fable, item 386"
387,fable iris,4418,"fable iris lumen onyx river umber xenon amber delta glade juniper maple, item 387"
388,maple pine,4455,"maple pine sable violet yarrow birch ember harbor kestrel nova quartz tidal, item 388"
389,tidal willow,4492,"tidal willow zephyr cedar fable iris lumen onyx river umber xenon amber, item 389"
390,amber delta,4529,"amber delta glade juniper maple pine sable violet yarrow birch ember harbor, item 390"
391,harbor kestrel,4566,"harbor kestrel nova quartz tidal willow zephyr cedar fable iris lumen onyx, item 391"
392,onyx river,4603,"onyx river umber xenon amber delta glade juniper maple pine sable violet, item 392"
393,violet yarrow,4640,"violet yarrow birch ember harbor kestrel nova quartz tidal willow zephyr cedar, item 393"
394,cedar fable,4677,"cedar fable iris lumen onyx river umber xenon amber delta glade juniper, item 394"
395,juniper maple,4714,"juniper maple pine sable violet yarrow birch ember harbor kestrel nova quartz, item 395"
396,quartz tidal,4751,"quartz tidal willow zephyr cedar fable iris lumen onyx river umber xenon, item 396"
397,xenon amber,4788,"xenon amber delta glade juniper maple pine sable violet yarrow birch ember, item 397"
398,ember harbor,4825,"ember harbor kestrel nova quartz tidal willow zephyr cedar fable iris lumen, item 398"
399,lumen onyx,4862,"lumen onyx river umber xenon amber delta glade juniper maple pine sable, item 399"
400,sable violet,4899,"sable violet yarrow birch ember harbor kestrel nova quartz tidal willow zephyr, item 400"
401,zephyr cedar,4936,"zephyr cedar fable iris lumen onyx river umber xenon amber delta glade, item 401"
402,glade juniper,4973,"glade juniper maple pine sable violet yarrow birch ember harbor kestrel nova, item 402"
403,nova quartz,5010,"nova quartz tidal willow zephyr cedar fable iris lumen onyx river umber, item 403"
404,umber xenon,5047,"umber xenon amber delta glade juniper maple pine sable violet yarrow birch, item 404"
405,birch ember,5084,"birch ember harbor kestrel nova quartz tidal willow zephyr cedar fable iris, item 405"
406,iris lumen,5121,"iris lumen onyx river umber xenon amber delta glade juniper maple pine, item 406"
407,pine sable,5158,"pine sable violet yarrow birch ember harbor kestrel nova quartz tidal willow, item 407"
408,willow zephyr,5195,"willow zephyr cedar fable iris lumen onyx river umber xenon amber delta, item 408"
409,delta glade,5232,"delta glade juniper maple pine sable violet yarrow birch ember harbor kestrel, item 409"
410,kestrel nova,5269,"kestrel nova quartz tidal willow zephyr cedar fable iris lumen onyx river, item 410"
411,river umber,5306,"river umber xenon amber delta glade juniper maple pine sable violet yarrow, item 411"
412,yarrow birch,5343,"yarrow birch ember harbor kestrel nova quartz tidal willow zephyr cedar fable, item 412"
413,fable iris,5380,"fable iris lumen onyx river umber xenon amber delta glade juniper maple, item 413"
414,maple pine,5417,"maple pine sable violet yarrow birch ember harbor kestrel nova quartz tidal, item 414"
415,tidal willow,5454,"tidal willow zephyr cedar fable iris lumen onyx river umber xenon amber, item 415"
416,amber delta,5491,"amber delta glade juniper maple pine sable violet yarrow birch ember harbor, item 416"
417,harbor kestrel,5528,"harbor kestrel nova quartz tidal willow zephyr cedar fable iris lumen onyx, item 417"
418,onyx river,5565,"onyx river umber xenon amber delta glade juniper maple pine sable violet, item 418"
419,violet yarrow,5602,"violet yarrow birch ember harbor kestrel nova quartz tidal willow zephyr cedar, item 419"
420,cedar fable,5639,"cedar fable iris lumen onyx river umber xenon amber delta glade juniper, item 420"
421,juniper maple,5676,"juniper maple pine sable violet yarrow birch ember harbor kestrel nova quartz, item 421"
422,quartz tidal,5713,"quartz tidal willow zephyr cedar fable iris lumen onyx river umber xenon, item 422"
423,xenon amber,5750,"xenon amber delta glade juniper maple pine sable violet yarrow birch ember, item 423"
424,ember harbor,5787,"ember harbor kestrel nova quartz tidal willow zephyr cedar fable iris lumen, item 424"
425,lumen onyx,5824,"lumen onyx river umber xenon amber delta glade juniper maple pine sable, item 425"
426,sable violet,5861,"sable violet yarrow birch ember harbor kestrel nova quartz tidal willow zephyr, item 426"
427,zephyr cedar,5898,"zephyr cedar fable iris lumen onyx river umber xenon amber delta glade, item 427"
428,glade juniper,5935,"glade juniper maple pine sable violet yarrow birch ember harbor kestrel nova, item 428"
429,nova quartz,5972,"nova quartz tidal willow zephyr cedar fable iris lumen onyx river umber, item 429"
430,umber xenon,6009,"umber xenon amber delta glade juniper maple pine sable violet yarrow birch, item 430"
431,birch ember,6046,"birch ember harbor kestrel nova quartz tidal willow zephyr cedar fable iris, item 431"
432,iris lumen,6083,"iris lumen onyx river umber xenon amber delta glade juniper maple pine, item 432"
433,pine sable,6120,"pine sable violet yarrow birch ember harbor kestrel nova quartz tidal willow, item 433"
434,willow zephyr,6157,"willow zephyr cedar fable iris lumen onyx river umber xenon amber delta, item 434"
435,delta glade,6194,"delta glade juniper maple pine sable violet yarrow birch ember harbor kestrel, item 435"
436,kestrel nova,6231,"kestrel nova quartz tidal willow zephyr cedar fable iris lumen onyx river, item 436"
437,river umber,6268,"river umber xenon amber delta glade juniper maple pine sable violet yarrow, item 437"
438,yarrow birch,6305,"yarrow birch ember harbor kestrel nova quartz tidal willow zephyr cedar fable, item 438"
439,fable iris,6342,"fable iris lumen onyx river umber xenon amber delta glade juniper maple, item 439"
440,maple pine,6379,"maple pine sable violet yarrow birch ember harbor kestrel nova quartz tidal, item 440"
441,tidal willow,6416,"tidal willow zephyr cedar fable iris lumen onyx river umber xenon amber, item 441"
442,amber delta,6453,"amber delta glade juniper maple pine sable violet yarrow birch ember harbor, item 442"
443,harbor kestrel,6490,"harbor kestrel nova quartz tidal willow zephyr cedar fable iris lumen onyx, item 443"
444,onyx river,6527,"onyx river umber xenon amber delta glade juniper maple pine sable violet, item 444"
445,violet yarrow,6564,"violet yarrow birch ember harbor kestrel nova quartz tidal willow zephyr cedar, item 445"
446,cedar fable,6601,"cedar fable iris lumen onyx river umber xenon amber delta glade juniper, item 446"
447,juniper maple,6638,"juniper maple pine sable violet yarrow birch ember harbor kestrel nova quartz, item 447"
448,quartz tidal,6675,"quartz tidal willow zephyr cedar fable iris lumen onyx river umber xenon, item 448"
449,xenon amber,6712,"xenon amber delta glade juniper maple pine sable violet yarrow birch ember, item 449"
450,ember harbor,6749,"ember harbor kestrel nova quartz tidal willow zephyr cedar fable iris lumen, item 450"
451,lumen onyx,6786,"lumen onyx river umber xenon amber delta glade juniper maple pine sable, item 451"
452,sable violet,6823,"sable violet yarrow birch ember harbor kestrel nova quartz tidal willow zephyr, item 452"
453,zephyr cedar,6860,"zephyr cedar fable iris lumen onyx river umber xenon amber delta glade, item 453"
454,glade juniper,6897,"glade juniper maple pine sable violet yarrow birch ember harbor kestrel nova, item 454"
455,nova quartz,6934,"nova quartz tidal willow zephyr cedar fable iris lumen onyx river umber, item 455"
456,umber xenon,6971,"umber xenon amber delta glade juniper maple pine sable violet yarrow birch, item 456"
457,birch ember,7008,"birch ember harbor kestrel nova quartz tidal willow zephyr cedar fable iris, item 457"
458,iris lumen,7045,"iris lumen onyx river umber xenon amber delta glade juniper maple pine, item 458"
459,pine sable,7082,"pine sable violet yarrow birch ember harbor kestrel nova quartz tidal willow, item 459"
460,willow zephyr,7119,"willow zephyr cedar fable iris lumen onyx river umber xenon amber delta, item 460"
461,delta glade,7156,"delta glade juniper maple pine sable violet yarrow birch ember harbor kestrel, item 461"
462,kestrel nova,7193,"kestrel nova quartz tidal willow zephyr cedar fable iris lumen onyx river, item 462"
463,river umber,7230,"river umber xenon amber delta glade juniper maple pine sable violet yarrow, item 463"
464,yarrow birch,7267,"yarrow birch ember harbor kestrel nova quartz tidal willow zephyr cedar fable, item 464"
465,fable iris,7304,"fable iris lumen onyx river umber xenon amber delta glade juniper maple, item 465"
466,maple pine,7341,"maple pine sable violet yarrow birch ember harbor kestrel nova quartz tidal, item 466"
467,tidal willow,7378,"tidal willow zephyr cedar fable iris lumen onyx river umber xenon amber, item 467"
468,amber delta,7415,"amber delta glade juniper maple pine sable violet yarrow birch ember harbor, item 468"
469,harbor kestrel,7452,"harbor kestrel nova quartz tidal willow zephyr cedar fable iris lumen onyx, item 469"
470,onyx river,7489,"onyx river umber xenon amber delta glade juniper maple pine sable violet, item 470"
471,violet yarrow,7526,"violet yarrow birch ember harbor kestrel nova quartz tidal willow zephyr cedar, item 471"
472,cedar fable,7563,"cedar fable iris lumen onyx river umber xenon amber delta glade juniper, item 472"
473,juniper maple,7600,"juniper maple pine sable violet yarrow birch ember harbor kestrel nova quartz, item 473"
474,quartz tidal,7637,"quartz tidal willow zephyr cedar fable iris lumen onyx river umber xenon, item 474"
475,xenon amber,7674,"xenon amber delta glade juniper maple pine sable violet yarrow birch ember, item 475"
476,ember harbor,7711,"ember harbor kestrel nova quartz tidal willow zephyr cedar fable iris lumen, item 476"
477,lumen onyx,7748,"lumen onyx river umber xenon amber delta glade juniper maple pine sable, item 477"
478,sable violet,7785,"sable violet yarrow birch ember harbor kestrel nova quartz tidal willow zephyr, item 478"
479,zephyr cedar,7822,"zephyr cedar fable iris lumen onyx river umber xenon amber delta glade, item 479"
480,glade juniper,7859,"glade juniper maple pine sable violet yarrow birch ember harbor kestrel nova, item 480"
481,nova quartz,7896,"nova quartz tidal willow zephyr cedar fable iris lumen onyx river umber, item 481"
482,umber xenon,7933,"umber xenon amber delta glade juniper maple pine sable violet yarrow birch, item 482"
483,birch ember,7970,"birch ember harbor kestrel nova quartz tidal willow zephyr cedar fable iris, item 483"
484,iris lumen,8007,"iris lumen onyx river umber xenon amber delta glade juniper maple pine, item 484"
485,pine sable,8044,"pine sable violet yarrow birch ember harbor kestrel nova quartz tidal willow, item 485"
486,willow zephyr,8081,"willow zephyr cedar fable iris lumen onyx river umber xenon amber delta, item 486"
487,delta glade,8118,"delta glade juniper maple pine sable violet yarrow birch ember harbor kestrel, item 487"
488,kestrel nova,8155,"kestrel nova quartz tidal willow zephyr cedar fable iris lumen onyx river, item 488"
489,river umber,8192,"river umber xenon amber delta glade juniper maple pine sable violet yarrow, item 489"
490,yarrow birch,8229,"yarrow birch ember harbor kestrel nova quartz tidal willow zephyr cedar fable, item 490"
491,fable iris,8266,"fable iris lumen onyx river umber xenon amber delta glade juniper maple, item 491"
492,maple pine,8303,"maple pine sable violet yarrow birch ember harbor kestrel nova quartz tidal, item 492"
493,tidal willow,8340,"tidal willow zephyr cedar fable iris lumen onyx river umber xenon amber, item 493"
494,amber delta,8377,"amber delta glade juniper maple pine sable violet yarrow birch ember harbor, item 494"
495,harbor kestrel,8414,"harbor kestrel nova quartz tidal willow zephyr cedar fable iris lumen onyx, item 495"
496,onyx river,8451,"onyx river umber xenon amber delta glade juniper maple pine sable violet, item 496"
497,violet yarrow,8488,"violet yarrow birch ember harbor kestrel nova quartz tidal willow zephyr cedar, item 497"
498,cedar fable,8525,"cedar fable iris lumen onyx river umber xenon amber delta glade juniper, item 498"
499,juniper maple,8562,"juniper maple pine sable violet yarrow birch ember harbor kestrel nova quartz, item 499"
500,quartz tidal,8599,"quartz tidal willow zephyr cedar fable iris lumen onyx river umber xenon, item 500"
501,xenon amber,8636,"xenon amber delta glade juniper maple pine sable violet yarrow birch ember, item 501"
502,ember harbor,8673,"ember harbor kestrel nova quartz tidal willow zephyr cedar fable iris lumen, item 502"
503,lumen onyx,8710,"lumen onyx river umber xenon amber delta glade juniper maple pine sable, item 503"
504,sable violet,8747,"sable violet yarrow birch ember harbor kestrel nova quartz tidal willow zephyr, item 504"
505,zephyr cedar,8784,"zephyr cedar fable iris lumen onyx river umber xenon amber delta glade, item 505"
506,glade juniper,8821,"glade juniper maple pine sable violet yarrow birch ember harbor kestrel nova, item 506"
507,nova quartz,8858,"nova quartz tidal willow zephyr cedar fable iris lumen onyx river umber, item 507"
508,umber xenon,8895,"umber xenon amber delta glade juniper maple pine sable violet yarrow birch, item 508"
509,birch ember,8932,"birch ember harbor kestrel nova quartz tidal willow zephyr cedar fable iris, item 509"
510,iris lumen,8969,"iris lumen onyx river umber xenon amber delta glade juniper maple pine, item 510"
511,pine sable,9006,"pine sable violet yarrow birch ember harbor kestrel nova quartz tidal willow, item 511"
512,willow zephyr,9043,"willow zephyr cedar fable iris lumen onyx river umber xenon amber delta, item 512"
513,delta glade,9080,"delta glade juniper maple pine sable violet yarrow birch ember harbor kestrel, item 513"
514,kestrel nova,9117,"kestrel nova quartz tidal willow zephyr cedar fable iris lumen onyx river, item 514"
515,river umber,9154,"river umber xenon amber delta glade juniper maple pine sable violet yarrow, item 515"
516,yarrow birch,9191,"yarrow birch ember harbor kestrel nova quartz tidal willow zephyr cedar fable, item 516"
517,fable iris,9228,"fable iris lumen onyx river umber xenon amber delta glade juniper maple, item 517"
518,maple pine,9265,"maple pine sable violet yarrow birch ember harbor kestrel nova quartz tidal, item 518"
519,tidal willow,9302,"tidal willow zephyr cedar fable iris lumen onyx river umber xenon amber, item 519"
520,amber delta,9339,"amber delta glade juniper maple pine sable violet yarrow birch ember harbor, item 520"
521,harbor kestrel,9376,"harbor kestrel nova quartz tidal willow zephyr cedar fable iris lumen onyx, item 521"
522,onyx river,9413,"onyx river umber xenon amber delta glade juniper maple pine sable violet, item 522"
523,violet yarrow,9450,"violet yarrow birch ember harbor kestrel nova quartz tidal willow zephyr cedar, item 523"
524,cedar fable,9487,"cedar fable iris lumen onyx river umber xenon amber delta glade juniper, item 524"
525,juniper maple,9524,"juniper maple pine sable violet yarrow birch ember harbor kestrel nova quartz, item 525"
526,quartz tidal,9561,"quartz tidal willow zephyr cedar fable iris lumen onyx river umber xenon, item 526"
527,xenon amber,9598,"xenon amber delta glade juniper maple pine sable violet yarrow birch ember, item 527"
528,ember harbor,9635,"ember harbor kestrel nova quartz tidal willow zephyr cedar fable iris lumen, item 528"
529,lumen onyx,9672,"lumen onyx river umber xenon amber delta glade juniper maple pine sable, item 529"
530,sable violet,9709,"sable violet yarrow birch ember harbor kestrel nova quartz tidal willow zephyr, item 530"
531,zephyr cedar,9746,"zephyr cedar fable iris lumen onyx river umber xenon amber delta glade, item 531"
532,glade juniper,9783,"glade juniper maple pine sable violet yarrow birch ember harbor kestrel nova, item 532"
533,nova quartz,9820,"nova quartz tidal willow zephyr cedar fable iris lumen onyx river umber, item 533"
534,umber xenon,9857,"umber xenon amber delta glade juniper maple pine sable violet yarrow birch, item 534"
535,birch ember,9894,"birch ember harbor kestrel nova quartz tidal willow zephyr cedar fable iris, item 535"
536,iris lumen,9931,"iris lumen onyx river umber xenon amber delta glade juniper maple pine, item 536"
537,pine sable,9968,"pine sable violet yarrow birch ember harbor kestrel nova quartz tidal willow, item 537"
538,willow zephyr,10005,"willow zephyr cedar fable iris lumen onyx river umber xenon amber delta, item 538"
539,delta glade,10042,"delta glade juniper maple pine sable violet yarrow birch ember harbor kestrel, item 539"
540,kestrel nova,10079,"kestrel nova quartz tidal willow zephyr cedar fable iris lumen onyx river, item 540"
541,river umber,116,"river umber xenon amber delta glade juniper maple pine sable violet yarrow, item 541"
542,yarrow birch,153,"yarrow birch ember harbor kestrel nova quartz tidal willow zephyr cedar fable, item 542"
543,fable iris,190,"fable iris lumen onyx river umber xenon amber delta glade juniper maple, item 543"
544,maple pine,227,"maple pine sable violet yarrow birch ember harbor kestrel nova quartz tidal, item 544"
545,tidal willow,264,"tidal willow zephyr cedar fable iris lumen onyx river umber xenon amber, item 545"
546,amber delta,301,"amber delta glade juniper maple pine sable violet yarrow birch ember harbor, item 546"
547,harbor kestrel,338,"harbor kestrel nova quartz tidal willow zephyr cedar fable iris lumen onyx, item 547"
548,onyx river,375,"onyx river umber xenon amber delta glade juniper maple pine sable violet, item 548"
549,violet yarrow,412,"violet yarrow birch ember harbor kestrel nova quartz tidal willow zephyr cedar, item 549"
550,cedar fable,449,"cedar fable iris lumen onyx river umber xenon amber delta glade juniper, item 550"
551,juniper maple,486,"juniper maple pine sable violet yarrow birch ember harbor kestrel nova quartz, item 551"
552,quartz tidal,523,"quartz tidal willow zephyr cedar fable iris lumen onyx river umber xenon, item 552"
553,xenon amber,560,"xenon amber delta glade juniper maple pine sable violet yarrow birch ember, item 553"
554,ember harbor,597,"ember harbor kestrel nova quartz tidal willow zephyr cedar fable iris lumen, item 554"
555,lumen onyx,634,"lumen onyx river umber xenon amber delta glade juniper maple pine sable, item 555"
556,sable violet,671,"sable violet yarrow birch ember harbor kestrel nova quartz tidal willow zephyr, item 556"
557,zephyr cedar,708,"zephyr cedar fable iris lumen onyx river umber xenon amber delta glade, item 557"
558,glade juniper,745,"glade juniper maple pine sable violet yarrow birch ember harbor kestrel nova, item 558"
559,nova quartz,782,"nova quartz tidal willow zephyr cedar fable iris lumen onyx river umber, item 559"
560,umber xenon,819,"umber xenon amber delta glade juniper maple pine sable violet yarrow birch, item 560"
561,birch ember,856,"birch ember harbor kestrel nova quartz tidal willow zephyr cedar fable iris, item 561"
562,iris lumen,893,"iris lumen onyx river umber xenon amber delta glade juniper maple pine, item 562"
563,pine sable,930,"pine sable violet yarrow birch ember harbor kestrel nova quartz tidal willow, item 563"
564,willow zephyr,967,"willow zephyr cedar fable iris lumen onyx river umber xenon amber delta, item 564"
565,delta glade,1004,"delta glade juniper maple pine sable violet yarrow birch ember harbor kestrel, item 565"
566,kestrel nova,1041,"kestrel nova quartz tidal willow zephyr cedar fable iris lumen onyx river, item 566"
567,river umber,1078,"river umber xenon amber delta glade juniper maple pine sable violet yarrow, item 567"
568,yarrow birch,1115,"yarrow birch ember harbor kestrel nova quartz tidal willow zephyr cedar fable, item 568"
569,fable iris,1152,"fable iris lumen onyx river umber xenon amber delta glade juniper maple, item 569"
570,maple pine,1189,"maple pine sable violet yarrow birch ember harbor kestrel nova quartz tidal, item 570"
571,tidal willow,1226,"tidal willow zephyr cedar fable iris lumen onyx river umber xenon amber, item 571"
572,amber delta,1263,"amber delta glade juniper maple pine sable violet yarrow birch ember harbor, item 572"
573,harbor kestrel,1300,"harbor kestrel nova quartz tidal willow zephyr cedar fable iris lumen onyx, item 573"
574,onyx river,1337,"onyx river umber xenon amber delta glade juniper maple pine sable violet, item 574"
575,violet yarrow,1374,"violet yarrow birch ember harbor kestrel nova quartz tidal willow zephyr cedar, item 575"
576,cedar fable,1411,"cedar fable iris lumen onyx river umber xenon amber delta glade juniper, item 576"
577,juniper maple,1448,"juniper maple pine sable violet yarrow birch ember harbor kestrel nova quartz, item 577"
578,quartz tidal,1485,"quartz tidal willow zephyr cedar fable iris lumen onyx river umber xenon, item 578"
579,xenon amber,1522,"xenon amber delta glade juniper maple pine sable violet yarrow birch ember, item 579"
580,ember harbor,1559,"ember harbor kestrel nova quartz tidal willow zephyr cedar fable iris lumen, item 580"
581,lumen onyx,1596,"lumen onyx river umber xenon amber delta glade juniper maple pine sable, item 581"
582,sable violet,1633,"sable violet yarrow birch ember harbor kestrel nova quartz tidal willow zephyr, item 582"
583,zephyr cedar,1670,"zephyr cedar fable iris lumen onyx river umber xenon amber delta glade, item 583"
584,glade juniper,1707,"glade juniper maple pine sable violet yarrow birch ember harbor kestrel nova, item 584"
585,nova quartz,1744,"nova quartz tidal willow zephyr cedar fable iris lumen onyx river umber, item 585"
586,umber xenon,1781,"umber xenon amber delta glade juniper maple pine sable violet yarrow birch, item 586"
587,birch ember,1818,"birch ember harbor kestrel nova quartz tidal willow zephyr cedar fable iris, item 587"
588,iris lumen,1855,"iris lumen onyx river umber xenon amber delta glade juniper maple pine, item 588"
589,pine sable,1892,"pine sable violet yarrow birch ember harbor kestrel nova quartz tidal willow, item 589"
590,willow zephyr,1929,"willow zephyr cedar fable iris lumen onyx river umber xenon amber delta, item 590"
591,delta glade,1966,"delta glade juniper maple pine sable violet yarrow birch ember harbor kestrel, item 591"
592,kestrel nova,2003,"kestrel nova quartz tidal willow zephyr cedar fable iris lumen onyx river, item 592"
593,river umber,2040,"river umber xenon amber delta glade juniper maple pine sable violet yarrow, item 593"
594,yarrow birch,2077,"yarrow birch ember harbor kestrel nova quartz tidal willow zephyr cedar fable, item 594"
595,fable iris,2114,"fable iris lumen onyx river umber xenon amber delta glade juniper maple, item 595"
596,maple pine,2151,"maple pine sable violet yarrow birch ember harbor kestrel nova quartz tidal, item 596"
597,tidal willow,2188,"tidal willow zephyr cedar fable iris lumen onyx river umber xenon amber, item 597"
598,amber delta,2225,"amber delta glade juniper maple pine sable violet yarrow birch ember harbor, item 598"
599,harbor kestrel,2262,"harbor kestrel nova quartz tidal willow zephyr cedar fable iris lumen onyx, item 599"
600,onyx river,2299,"onyx river umber xenon amber delta glade juniper maple pine sable violet, item 600"
601,violet yarrow,2336,"violet yarrow birch ember harbor kestrel nova quartz tidal willow zephyr cedar, item 601"
602,cedar fable,2373,"cedar fable iris lumen onyx river umber xenon amber delta glade juniper, item 602"
603,juniper maple,2410,"juniper maple pine sable violet yarrow birch ember harbor kestrel nova quartz, item 603"
604,quartz tidal,2447,"quartz tidal willow zephyr cedar fable iris lumen onyx river umber xenon, item 604"
605,xenon amber,2484,"xenon amber delta glade juniper maple pine sable violet yarrow birch ember, item 605"
606,ember harbor,2521,"ember harbor kestrel nova quartz tidal willow zephyr cedar fable iris lumen, item 606"
607,lumen onyx,2558,"lumen onyx river umber xenon amber delta glade juniper maple pine sable, item 607"
608,sable violet,2595,"sable violet yarrow birch ember harbor kestrel nova quartz tidal willow zephyr, item 608"
609,zephyr cedar,2632,"zephyr cedar fable iris lumen onyx river umber xenon amber delta glade, item 609"
610,glade juniper,2669,"glade juniper maple pine sable violet yarrow birch ember harbor kestrel nova, item 610"
611,nova quartz,2706,"nova quartz tidal willow zephyr cedar fable iris lumen onyx river umber, item 611"
612,umber xenon,2743,"umber xenon amber delta glade juniper maple pine sable violet yarrow birch, item 612"
613,birch ember,2780,"birch ember harbor kestrel nova quartz tidal willow zephyr cedar fable iris, item 613"
614,iris lumen,2817,"iris lumen onyx river umber xenon amber delta glade juniper maple pine, item 614"
615,pine sable,2854,"pine sable violet yarrow birch ember harbor kestrel nova quartz tidal willow, item 615"
616,willow zephyr,2891,"willow zephyr cedar fable iris lumen onyx river umber xenon amber delta, item 616"
617,delta glade,2928,"delta glade juniper maple pine sable violet yarrow birch ember harbor kestrel, item 617"
618,kestrel nova,2965,"kestrel nova quartz tidal willow zephyr cedar fable iris lumen onyx river, item 618"
619,river umber,3002,"river umber xenon amber delta glade juniper maple pine sable violet yarrow, item 619"
620,yarrow birch,3039,"yarrow birch ember harbor kestrel nova quartz tidal willow zephyr cedar fable, item 620"
621,fable iris,3076,"fable iris lumen onyx river umber xenon amber delta glade juniper maple, item 621"
622,maple pine,3113,"maple pine sable violet yarrow birch ember harbor kestrel nova quartz tidal, item 622"
623,tidal willow,3150,"tidal willow zephyr cedar fable iris lumen onyx river umber xenon amber, item 623"
624,amber delta,3187,"amber delta glade juniper maple pine sable violet yarrow birch ember harbor, item 624"
625,harbor kestrel,3224,"harbor kestrel nova quartz tidal willow zephyr cedar fable iris lumen onyx, item 625"
626,onyx river,3261,"onyx river umber xenon amber delta glade juniper maple pine sable violet, item 626"
627,violet yarrow,3298,"violet yarrow birch ember harbor kestrel nova quartz tidal willow zephyr cedar, item 627"
628,cedar fable,3335,"cedar fable iris lumen onyx river umber xenon amber delta glade juniper, item 628"
629,juniper maple,3372,"juniper maple pine sable violet yarrow birch ember harbor kestrel nova quartz, item 629"
630,quartz tidal,3409,"quartz tidal willow zephyr cedar fable iris lumen onyx river umber xenon, item 630"
631,xenon amber,3446,"xenon amber delta glade juniper maple pine sable violet yarrow birch ember, item 631"
632,ember harbor,3483,"ember harbor kestrel nova quartz tidal willow zephyr cedar fable iris lumen, item 632"
633,lumen onyx,3520,"lumen onyx river umber xenon amber delta glade juniper maple pine sable, item 633"
634,sable violet,3557,"sable violet yarrow birch ember harbor kestrel nova quartz tidal willow zephyr, item 634"
635,zephyr cedar,3594,"zephyr cedar fable iris lumen onyx river umber xenon amber delta glade, item 635"
636,glade juniper,3631,"glade juniper maple pine sable violet yarrow birch ember harbor kestrel nova, item 636"
637,nova quartz,3668,"nova quartz tidal willow zephyr cedar fable iris lumen onyx river umber, item 637"
638,umber xenon,3705,"umber xenon amber delta glade juniper maple pine sable violet yarrow birch, item 638"
639,birch ember,3742,"birch ember harbor kestrel nova quartz tidal willow zephyr cedar fable iris, item 639"
640,iris lumen,3779,"iris lumen onyx river umber xenon amber delta glade juniper maple pine, item 640"
641,pine sable,3816,"pine sable violet yarrow birch ember harbor kestrel nova quartz tidal willow, item 641"
642,willow zephyr,3853,"willow zephyr cedar fable iris lumen onyx river umber xenon amber delta, item 642"
643,delta glade,3890,"delta glade juniper maple pine sable violet yarrow birch ember harbor kestrel, item 643"
644,kestrel nova,3927,"kestrel nova quartz tidal willow zephyr cedar fable iris lumen onyx river, item 644"
645,river umber,3964,"river umber xenon amber delta glade juniper maple pine sable violet yarrow, item 645"
646,yarrow birch,4001,"yarrow birch ember harbor kestrel nova quartz tidal willow zephyr cedar fable, item 646"
647,fable iris,4038,"fable iris lumen onyx river umber xenon amber delta glade juniper maple, item 647"
648,maple pine,4075,"maple pine sable violet yarrow birch ember harbor kestrel nova quartz tidal, item 648"
649,tidal willow,4112,"tidal willow zephyr cedar fable iris lumen onyx river umber xenon amber, item 649"
650,amber delta,4149,"amber delta glade juniper maple pine sable violet yarrow birch ember harbor, item 650"
651,harbor kestrel,4186,"harbor kestrel nova quartz tidal willow zephyr cedar fable iris lumen onyx, item 651"
652,onyx river,4223,"onyx river umber xenon amber delta glade juniper maple pine sable violet, item 652"
653,violet yarrow,4260,"violet yarrow birch ember harbor kestrel nova quartz tidal willow zephyr cedar, item 653"
654,cedar fable,4297,"cedar fable iris lumen onyx river umber xenon amber delta glade juniper, item 654"
655,juniper maple,4334,"juniper maple pine sable violet yarrow birch ember harbor kestrel nova quartz, item 655"
656,quartz tidal,4371,"quartz tidal willow zephyr cedar fable iris lumen onyx river umber xenon, item 656"
657,xenon amber,4408,"xenon amber delta glade juniper maple pine sable violet yarrow birch ember, item 657"
658,ember harbor,4445,"ember harbor kestrel nova quartz tidal willow zephyr cedar fable iris lumen, item 658"
659,lumen onyx,4482,"lumen onyx river umber xenon amber delta glade juniper maple pine sable, item 659"
660,sable violet,4519,"sable violet yarrow birch ember harbor kestrel nova quartz tidal willow zephyr, item 660"
661,zephyr cedar,4556,"zephyr cedar fable iris lumen onyx river umber xenon amber delta glade, item 661"
662,glade juniper,4593,"glade juniper maple pine sable violet yarrow birch ember harbor kestrel nova, item 662"
663,nova quartz,4630,"nova quartz tidal willow zephyr cedar fable iris lumen onyx river umber, item 663"
664,umber xenon,4667,"umber xenon amber delta glade juniper maple pine sable violet yarrow birch, item 664"
665,birch ember,4704,"birch ember harbor kestrel nova quartz tidal willow zephyr cedar fable iris, item 665"
666,iris lumen,4741,"iris lumen onyx river umber xenon amber delta glade juniper maple pine, item 666"
667,pine sable,4778,"pine sable violet yarrow birch ember harbor kestrel nova quartz tidal willow, item 667"
668,willow zephyr,4815,"willow zephyr cedar fable iris lumen onyx river umber xenon amber delta, item 668"
669,delta glade,4852,"delta glade juniper maple pine sable violet yarrow birch ember harbor kestrel, item 669"
670,kestrel nova,4889,"kestrel nova quartz tidal willow zephyr cedar fable iris lumen onyx river, item 670"
671,river umber,4926,"river umber xenon amber delta glade juniper maple pine sable violet yarrow, item 671"
672,yarrow birch,4963,"yarrow birch ember harbor kestrel nova quartz tidal willow zephyr cedar fable, item 672"
673,fable iris,5000,"fable iris lumen onyx river umber xenon amber delta glade juniper maple, item 673"
674,maple pine,5037,"maple pine sable violet yarrow birch ember harbor kestrel nova quartz tidal, item 674"
675,tidal willow,5074,"tidal willow zephyr cedar fable iris lumen onyx river umber xenon amber, item 675"
676,amber delta,5111,"amber delta glade juniper maple pine sable violet yarrow birch ember harbor, item 676"
677,harbor kestrel,5148,"harbor kestrel nova quartz tidal willow zephyr cedar fable iris lumen onyx, item 677"
678,onyx river,5185,"onyx river umber xenon amber delta glade juniper maple pine sable violet, item 678"
679,violet yarrow,5222,"violet yarrow birch ember harbor kestrel nova quartz tidal willow zephyr cedar, item 679"
680,cedar fable,5259,"cedar fable iris lumen onyx river umber xenon amber delta glade juniper, item 680"
681,juniper maple,5296,"juniper maple pine sable violet yarrow birch ember harbor kestrel nova quartz, item 681"
682,quartz tidal,5333,"quartz tidal willow zephyr cedar fable iris lumen onyx river umber xenon, item 682"
683,xenon amber,5370,"xenon amber delta glade juniper maple pine sable violet yarrow birch ember, item 683"
684,ember harbor,5407,"ember harbor kestrel nova quartz tidal willow zephyr cedar fable iris lumen, item 684"
685,lumen onyx,5444,"lumen onyx river umber xenon amber delta glade juniper maple pine sable, item 685"
686,sable violet,5481,"sable violet yarrow birch ember harbor kestrel nova quartz tidal willow zephyr, item 686"
687,zephyr cedar,5518,"zephyr cedar fable iris lumen onyx river umber xenon amber delta glade, item 687"
688,glade juniper,5555,"glade juniper maple pine sable violet yarrow birch ember harbor kestrel nova, item 688"
689,nova quartz,5592,"nova quartz tidal willow zephyr cedar fable iris lumen onyx river umber, item 689"
690,umber xenon,5629,"umber xenon amber delta glade juniper maple pine sable violet yarrow birch, item 690"
691,birch ember,5666,"birch ember harbor kestrel nova quartz tidal willow zephyr cedar fable iris, item 691"
692,iris lumen,5703,"iris lumen onyx river umber xenon amber delta glade juniper maple pine, item 692"
693,pine sable,5740,"pine sable violet yarrow birch ember harbor kestrel nova quartz tidal willow, item 693"
694,willow zephyr,5777,"willow zephyr cedar fable iris lumen onyx river umber xenon amber delta, item 694"
695,delta glade,5814,"delta glade juniper maple pine sable violet yarrow birch ember harbor kestrel, item 695"
696,kestrel nova,5851,"kestrel nova quartz tidal willow zephyr cedar fable iris lumen onyx river, item 696"
697,river umber,5888,"river umber xenon amber delta glade juniper maple pine sable violet yarrow, item 697"
698,yarrow birch,5925,"yarrow birch ember harbor kestrel nova quartz tidal willow zephyr cedar fable, item 698"
699,fable iris,5962,"fable iris lumen onyx river umber xenon amber delta glade juniper maple, item 699"
700,maple pine,5999,"maple pine sable violet yarrow birch ember harbor kestrel nova quartz tidal, item 700"
701,tidal willow,6036,"tidal willow zephyr cedar fable iris lumen onyx river umber xenon amber, item 701"
702,amber delta,6073,"amber delta glade juniper maple pine sable violet yarrow birch ember harbor, item 702"
703,harbor kestrel,6110,"harbor kestrel nova quartz tidal willow zephyr cedar fable iris lumen onyx, item 703"
704,onyx river,6147,"onyx river umber xenon amber delta glade juniper maple pine sable violet, item 704"
705,violet yarrow,6184,"violet yarrow birch ember harbor kestrel nova quartz tidal willow zephyr cedar, item 705"
706,cedar fable,6221,"cedar fable iris lumen onyx river umber xenon amber delta glade juniper, item 706"
707,juniper maple,6258,"juniper maple pine sable violet yarrow birch ember harbor kestrel nova quartz, item 707"
708,quartz tidal,6295,"quartz tidal willow zephyr cedar fable iris lumen onyx river umber xenon, item 708"
709,xenon amber,6332,"xenon amber delta glade juniper maple pine sable violet yarrow birch ember, item 709"
710,ember harbor,6369,"ember harbor kestrel nova quartz tidal willow zephyr cedar fable iris lumen, item 710"
711,lumen onyx,6406,"lumen onyx river umber xenon amber delta glade juniper maple pine sable, item 711"
712,sable violet,6443,"sable violet yarrow birch ember harbor kestrel nova quartz tidal willow zephyr, item 712"
713,zephyr cedar,6480,"zephyr cedar fable iris lumen onyx river umber xenon amber delta glade, item 713"
714,glade juniper,6517,"glade juniper maple pine sable violet yarrow birch ember harbor kestrel nova, item 714"
715,nova quartz,6554,"nova quartz tidal willow zephyr cedar fable iris lumen onyx river umber, item 715"
716,umber xenon,6591,"umber xenon amber delta glade juniper maple pine sable violet yarrow birch, item 716"
717,birch ember,6628,"birch ember harbor kestrel nova quartz tidal willow zephyr cedar fable iris, item 717"
718,iris lumen,6665,"iris lumen onyx river umber xenon amber delta glade juniper maple pine, item 718"
719,pine sable,6702,"pine sable violet yarrow birch ember harbor kestrel nova quartz tidal willow, item 719"
720,willow zephyr,6739,"willow zephyr cedar fable iris lumen onyx river umber xenon amber delta, item 720"
721,delta glade,6776,"delta glade juniper maple pine sable violet yarrow birch ember harbor kestrel, item 721"
722,kestrel nova,6813,"kestrel nova quartz tidal willow zephyr cedar fable iris lumen onyx river, item 722"
723,river umber,6850,"river umber xenon amber delta glade juniper maple pine sable violet yarrow, item 723"
724,yarrow birch,6887,"yarrow birch ember harbor kestrel nova quartz tidal willow zephyr cedar fable, item 724"
725,fable iris,6924,"fable iris lumen onyx river umber xenon amber delta glade juniper maple, item 725"
726,maple pine,6961,"maple pine sable violet yarrow birch ember harbor kestrel nova quartz tidal, item 726"
727,tidal willow,6998,"tidal willow zephyr cedar fable iris lumen onyx river umber xenon amber, item 727"
728,amber delta,7035,"amber delta glade juniper maple pine sable violet yarrow birch ember harbor, item 728"
729,harbor kestrel,7072,"harbor kestrel nova quartz tidal willow zephyr cedar fable iris lumen onyx, item 729"
730,onyx river,7109,"onyx river umber xenon amber delta glade juniper maple pine sable violet, item 730"
731,violet yarrow,7146,"violet yarrow birch ember harbor kestrel nova quartz tidal willow zephyr cedar, item 731"
732,cedar fable,7183,"cedar fable iris lumen onyx river umber xenon amber delta glade juniper, item 732"
733,juniper maple,7220,"juniper maple pine sable violet yarrow birch ember harbor kestrel nova quartz, item 733"
734,quartz tidal,7257,"quartz tidal willow zephyr cedar fable iris lumen onyx river umber xenon, item 734"
735,xenon amber,7294,"xenon amber delta glade juniper maple pine sable violet yarrow birch ember, item 735"
736,ember harbor,7331,"ember harbor kestrel nova quartz tidal willow zephyr cedar fable iris lumen, item 736"
737,lumen onyx,7368,"lumen onyx river umber xenon amber delta glade juniper maple pine sable, item 737"
738,sable violet,7405,"sable violet yarrow birch ember harbor kestrel nova quartz tidal willow zephyr, item 738"
739,zephyr cedar,7442,"zephyr cedar fable iris lumen onyx river umber xenon amber delta glade, item 739"
740,glade juniper,7479,"glade juniper maple pine sable violet yarrow birch ember harbor kestrel nova, item 740"
741,nova quartz,7516,"nova quartz tidal willow zephyr cedar fable iris lumen onyx river umber, item 741"
742,umber xenon,7553,"umber xenon amber delta glade juniper maple pine sable violet yarrow birch, item 742"
743,birch ember,7590,"birch ember harbor kestrel nova quartz tidal willow zephyr cedar fable iris, item 743"
744,iris lumen,7627,"iris lumen onyx river umber xenon amber delta glade juniper maple pine, item 744"
745,pine sable,7664,"pine sable violet yarrow birch ember harbor kestrel nova quartz tidal willow, item 745"
746,willow zephyr,7701,"willow zephyr cedar fable iris lumen onyx river umber xenon amber delta, item 746"
747,delta glade,7738,"delta glade juniper maple pine sable violet yarrow birch ember harbor kestrel, item 747"
748,kestrel nova,7775,"kestrel nova quartz tidal willow zephyr cedar fable iris lumen onyx river, item 748"
749,river umber,7812,"river umber xenon amber delta glade juniper maple pine sable violet yarrow, item 749"
750,yarrow birch,7849,"yarrow birch ember harbor kestrel nova quartz tidal willow zephyr cedar fable, item 750"
751,fable iris,7886,"fable iris lumen onyx river umber xenon amber delta glade juniper maple, item 751"
752,maple pine,7923,"maple pine sable violet yarrow birch ember harbor kestrel nova quartz tidal, item 752"
753,tidal willow,7960,"tidal willow zephyr cedar fable iris lumen onyx river umber xenon amber, item 753"
754,amber delta,7997,"amber delta glade juniper maple pine sable violet yarrow birch ember harbor, item 754"
755,harbor kestrel,8034,"harbor kestrel nova quartz tidal willow zephyr cedar fable iris lumen onyx, item 755"
756,onyx river,8071,"onyx river umber xenon amber delta glade juniper maple pine sable violet, item 756"
757,violet yarrow,8108,"violet yarrow birch ember harbor kestrel nova quartz tidal willow zephyr cedar, item 757"
758,cedar fable,8145,"cedar fable iris lumen onyx river umber xenon amber delta glade juniper, item 758"
759,juniper maple,8182,"juniper maple pine sable violet yarrow birch ember harbor kestrel nova quartz, item 759"
760,quartz tidal,8219,"quartz tidal willow zephyr cedar fable iris lumen onyx river umber xenon, item 760"
761,xenon amber,8256,"xenon amber delta glade juniper maple pine sable violet yarrow birch ember, item 761"
762,ember harbor,8293,"ember harbor kestrel nova quartz tidal willow zephyr cedar fable iris lumen, item 762"
763,lumen onyx,8330,"lumen onyx river umber xenon amber delta glade juniper maple pine sable, item 763"
764,sable violet,8367,"sable violet yarrow birch ember harbor kestrel nova quartz tidal willow zephyr, item 764"
765,zephyr cedar,8404,"zephyr cedar fable iris lumen onyx river umber xenon amber delta glade, item 765"
766,glade juniper,8441,"glade juniper maple pine sable violet yarrow birch ember harbor kestrel nova, item 766"
767,nova quartz,8478,"nova quartz tidal willow zephyr cedar fable iris lumen onyx river umber, item 767"
768,umber xenon,8515,"umber xenon amber delta glade juniper maple pine sable violet yarrow birch, item 768"
769,birch ember,8552,"birch ember harbor kestrel nova quartz tidal willow zephyr cedar fable iris, item 769"
770,iris lumen,8589,"iris lumen onyx river umber xenon amber delta glade juniper maple pine, item 770"
771,pine sable,8626,"pine sable violet yarrow birch ember harbor kestrel nova quartz tidal willow, item 771"
772,willow zephyr,8663,"willow zephyr cedar fable iris lumen onyx river umber xenon amber delta, item 772"
773,delta glade,8700,"delta glade juniper maple pine sable violet yarrow birch ember harbor kestrel, item 773"
774,kestrel nova,8737,"kestrel nova quartz tidal willow zephyr cedar fable iris lumen onyx river, item 774"
775,river umber,8774,"river umber xenon amber delta glade juniper maple pine sable violet yarrow, item 775"
776,yarrow birch,8811,"yarrow birch ember harbor kestrel nova quartz tidal willow zephyr cedar fable, item 776"
777,fable iris,8848,"fable iris lumen onyx river umber xenon amber delta glade juniper maple, item 777"
778,maple pine,8885,"maple pine sable violet yarrow birch ember harbor kestrel nova quartz tidal, item 778"
779,tidal willow,8922,"tidal willow zephyr cedar fable iris lumen onyx river umber xenon amber, item 779"
780,amber delta,8959,"amber delta glade juniper maple pine sable violet yarrow birch ember harbor, item 780"
781,harbor kestrel,8996,"harbor kestrel nova quartz tidal willow zephyr cedar fable iris lumen onyx, item 781"
782,onyx river,9033,"onyx river umber xenon amber delta glade juniper maple pine sable violet, item 782"
783,violet yarrow,9070,"violet yarrow birch ember harbor kestrel nova quartz tidal willow zephyr cedar, item 783"
784,cedar fable,9107,"cedar fable iris lumen onyx river umber xenon amber delta glade juniper, item 784"
785,juniper maple,9144,"juniper maple pine sable violet yarrow birch ember harbor kestrel nova quartz, item 785"
786,quartz tidal,9181,"quartz tidal willow zephyr cedar fable iris lumen onyx river umber xenon, item 786"
787,xenon amber,9218,"xenon amber delta glade juniper maple pine sable violet yarrow birch ember, item 787"
788,ember harbor,9255,"ember harbor kestrel nova quartz tidal willow zephyr cedar fable iris lumen, item 788"
789,lumen onyx,9292,"lumen onyx river umber xenon amber delta glade juniper maple pine sable, item 789"
790,sable violet,9329,"sable violet yarrow birch ember harbor kestrel nova quartz tidal willow zephyr, item 790"
791,zephyr cedar,9366,"zephyr cedar fable iris lumen onyx river umber xenon amber delta glade, item 791"
792,glade juniper,9403,"glade juniper maple pine sable violet yarrow birch ember harbor kestrel nova, item 792"
793,nova quartz,9440,"nova quartz tidal willow zephyr cedar fable iris lumen onyx river umber, item 793"
794,umber xenon,9477,"umber xenon amber delta glade juniper maple pine sable violet yarrow birch, item 794"
795,birch ember,9514,"birch ember harbor kestrel nova quartz tidal willow zephyr cedar fable iris, item 795"
796,iris lumen,9551,"iris lumen onyx river umber xenon amber delta glade juniper maple pine, item 796"
797,pine sable,9588,"pine sable violet yarrow birch ember harbor kestrel nova quartz tidal willow, item 797"
798,willow zephyr,9625,"willow zephyr cedar fable iris lumen onyx river umber xenon amber delta, item 798"
799,delta glade,9662,"delta glade juniper maple pine sable violet yarrow birch ember harbor kestrel, item 799"
800,kestrel nova,9699,"kestrel nova quartz tidal willow zephyr cedar fable iris lumen onyx river, item 800"
801,river umber,9736,"river umber xenon amber delta glade juniper maple pine sable violet yarrow, item 801"
802,yarrow birch,9773,"yarrow birch ember harbor kestrel nova quartz tidal willow zephyr cedar fable, item 802"
803,fable iris,9810,"fable iris lumen onyx river umber xenon amber delta glade juniper maple, item 803"
804,maple pine,9847,"maple pine sable violet yarrow birch ember harbor kestrel nova quartz tidal, item 804"
805,tidal willow,9884,"tidal willow zephyr cedar fable iris lumen onyx river umber xenon amber, item 805"
806,amber delta,9921,"amber delta glade juniper maple pine sable violet yarrow birch ember harbor, item 806"
807,harbor kestrel,9958,"harbor kestrel nova quartz tidal willow zephyr cedar fable iris lumen onyx, item 807"
808,onyx river,9995,"onyx river umber xenon amber delta glade juniper maple pine sable violet, item 808"
809,violet yarrow,10032,"violet yarrow birch ember harbor kestrel nova quartz tidal willow zephyr cedar, item 809"
810,cedar fable,10069,"cedar fable iris lumen onyx river umber xenon amber delta glade juniper, item 810"
811,juniper maple,106,"juniper maple pine sable violet yarrow birch ember harbor kestrel nova quartz, item 811"
812,quartz tidal,143,"quartz tidal willow zephyr cedar fable iris lumen onyx river umber xenon, item 812"
813,xenon amber,180,"xenon amber delta glade juniper maple pine sable violet yarrow birch ember, item 813"
814,ember harbor,217,"ember harbor kestrel nova quartz tidal willow zephyr cedar fable iris lumen, item 814"
815,lumen onyx,254,"lumen onyx river umber xenon amber delta glade juniper maple pine sable, item 815"
816,sable violet,291,"sable violet yarrow birch ember harbor kestrel nova quartz tidal willow zephyr, item 816"
817,zephyr cedar,328,"zephyr cedar fable iris lumen onyx river umber xenon amber delta glade, item 817"
818,glade juniper,365,"glade juniper maple pine sable violet yarrow birch ember harbor kestrel nova, item 818"
819,nova quartz,402,"nova quartz tidal willow zephyr cedar fable iris lumen onyx river umber, item 819"
820,umber xenon,439,"umber xenon amber delta glade juniper maple pine sable violet yarrow birch, item 820"
821,birch ember,476,"birch ember harbor kestrel nova quartz tidal willow zephyr cedar fable iris, item 821"
822,iris lumen,513,"iris lumen onyx river umber xenon amber delta glade juniper maple pine, item 822"
823,pine sable,550,"pine sable violet yarrow birch ember harbor kestrel nova quartz tidal willow, item 823"
824,willow zephyr,587,"willow zephyr cedar fable iris lumen onyx river umber xenon amber delta, item 824"
825,delta glade,624,"delta glade juniper maple pine sable violet yarrow birch ember harbor kestrel, item 825"
826,kestrel nova,661,"kestrel nova quartz tidal willow zephyr cedar fable iris lumen onyx river, item 826"
827,river umber,698,"river umber xenon amber delta glade juniper maple pine sable violet yarrow, item 827"
828,yarrow birch,735,"yarrow birch ember harbor kestrel nova quartz tidal willow zephyr cedar fable, item 828"
829,fable iris,772,"fable iris lumen onyx river umber xenon amber delta glade juniper maple, item 829"
830,maple pine,809,"maple pine sable violet yarrow birch ember harbor kestrel nova quartz tidal, item 830"
831,tidal willow,846,"tidal willow zephyr cedar fable iris lumen onyx river umber xenon amber, item 831"
832,amber delta,883,"amber delta glade juniper maple pine sable violet yarrow birch ember harbor, item 832"
833,harbor kestrel,920,"harbor kestrel nova quartz tidal willow zephyr cedar fable iris lumen onyx, item 833"
834,onyx river,957,"onyx river umber xenon amber delta glade juniper maple pine sable violet, item 834"
835,violet yarrow,994,"violet yarrow birch ember harbor kestrel nova quartz tidal willow zephyr cedar, item 835"
836,cedar fable,1031,"cedar fable iris lumen onyx river umber xenon amber delta glade juniper, item 836"
837,juniper maple,1068,"juniper maple pine sable violet yarrow birch ember harbor kestrel nova quartz, item 837"
838,quartz tidal,1105,"quartz tidal willow zephyr cedar fable iris lumen onyx river umber xenon, item 838"
839,xenon amber,1142,"xenon amber delta glade juniper maple pine sable violet yarrow birch ember, item 839"
840,ember harbor,1179,"ember harbor kestrel nova quartz tidal willow zephyr cedar fable iris lumen, item 840"
841,lumen onyx,1216,"lumen onyx river umber xenon amber delta glade juniper maple pine sable, item 841"
842,sable violet,1253,"sable violet yarrow birch ember harbor kestrel nova quartz tidal willow zephyr, item 842"
843,zephyr cedar,1290,"zephyr cedar fable iris lumen onyx river umber xenon amber delta glade, item 843"
844,glade juniper,1327,"glade juniper maple pine sable violet yarrow birch ember harbor kestrel nova, item 844"
845,nova quartz,1364,"nova quartz tidal willow zephyr cedar fable iris lumen onyx river umber, item 845"
846,umber xenon,1401,"umber xenon amber delta glade juniper maple pine sable violet yarrow birch, item 846"
847,birch ember,1438,"birch ember harbor kestrel nova quartz tidal willow zephyr cedar fable iris, item 847"
848,iris lumen,1475,"iris lumen onyx river umber xenon amber delta glade juniper maple pine, item 848"
849,pine sable,1512,"pine sable violet yarrow birch ember harbor kestrel nova quartz tidal willow, item 849"
850,willow zephyr,1549,"willow zephyr cedar fable iris lumen onyx river umber xenon amber delta, item 850"
851,delta glade,1586,"delta glade juniper maple pine sable violet yarrow birch ember harbor kestrel, item 851"
852,kestrel nova,1623,"kestrel nova quartz tidal willow zephyr cedar fable iris lumen onyx river, item 852"
853,river umber,1660,"river umber xenon amber delta glade juniper maple pine sable violet yarrow, item 853"
854,yarrow birch,1697,"yarrow birch ember harbor kestrel nova quartz tidal willow zephyr cedar fable, item 854"
855,fable iris,1734,"fable iris lumen onyx river umber xenon amber delta glade juniper maple, item 855"
856,maple pine,1771,"maple pine sable violet yarrow birch ember harbor kestrel nova quartz tidal, item 856"
857,tidal willow,1808,"tidal willow zephyr cedar fable iris lumen onyx river umber xenon amber, item 857"
858,amber delta,1845,"amber delta glade juniper maple pine sable violet yarrow birch ember harbor, item 858"
859,harbor kestrel,1882,"harbor kestrel nova quartz tidal willow zephyr cedar fable iris lumen onyx, item 859"
860,onyx river,1919,"onyx river umber xenon amber delta glade juniper maple pine sable violet, item 860"
861,violet yarrow,1956,"violet yarrow birch ember harbor kestrel nova quartz tidal willow zephyr cedar, item 861"
862,cedar fable,1993,"cedar fable iris lumen onyx river umber xenon amber delta glade juniper, item 862"
863,juniper maple,2030,"juniper maple pine sable violet yarrow birch ember harbor kestrel nova quartz, item 863"
864,quartz tidal,2067,"quartz tidal willow zephyr cedar fable iris lumen onyx river umber xenon, item 864"
865,xenon amber,2104,"xenon amber delta glade juniper maple pine sable violet yarrow birch ember, item 865"
866,ember harbor,2141,"ember harbor kestrel nova quartz tidal willow zephyr cedar fable iris lumen, item 866"
867,lumen onyx,2178,"lumen onyx river umber xenon amber delta glade juniper maple pine sable, item 867"
868,sable violet,2215,"sable violet yarrow birch ember harbor kestrel nova quartz tidal willow zephyr, item 868"
869,zephyr cedar,2252,"zephyr cedar fable iris lumen onyx river umber xenon amber delta glade, item 869"
870,glade juniper,2289,"glade juniper maple pine sable violet yarrow birch ember harbor kestrel nova, item 870"
871,nova quartz,2326,"nova quartz tidal willow zephyr cedar fable iris lumen onyx river umber, item 871"
872,umber xenon,2363,"umber xenon amber delta glade juniper maple pine sable violet yarrow birch, item 872"
873,birch ember,2400,"birch ember harbor kestrel nova quartz tidal willow zephyr cedar fable iris, item 873"
874,iris lumen,2437,"iris lumen onyx river umber xenon amber delta glade juniper maple pine, item 874"
875,pine sable,2474,"pine sable violet yarrow birch ember harbor kestrel nova quartz tidal willow, item 875"
876,willow zephyr,2511,"willow zephyr cedar fable iris lumen onyx river umber xenon amber delta, item 876"
877,delta glade,2548,"delta glade juniper maple pine sable violet yarrow birch ember harbor kestrel, item 877"
878,kestrel nova,2585,"kestrel nova quartz tidal willow zephyr cedar fable iris lumen onyx river, item 878"
879,river umber,2622,"river umber xenon amber delta glade juniper maple pine sable violet yarrow, item 879"
880,yarrow birch,2659,"yarrow birch ember harbor kestrel nova quartz tidal willow zephyr cedar fable, item 880"
881,fable iris,2696,"fable iris lumen onyx river umber xenon amber delta glade juniper maple, item 881"
882,maple pine,2733,"maple pine sable violet yarrow birch ember harbor kestrel nova quartz tidal, item 882"
883,tidal willow,2770,"tidal willow zephyr cedar fable iris lumen onyx river umber xenon amber, item 883"
884,amber delta,2807,"amber delta glade juniper maple pine sable violet yarrow birch ember harbor, item 884"
885,harbor kestrel,2844,"harbor kestrel nova quartz tidal willow zephyr cedar fable iris lumen onyx, item 885"
886,onyx river,2881,"onyx river umber xenon amber delta glade juniper maple pine sable violet, item 886"
887,violet yarrow,2918,"violet yarrow birch ember harbor kestrel nova quartz tidal willow zephyr cedar, item 887"
888,cedar fable,2955,"cedar fable iris lumen onyx river umber xenon amber delta glade juniper, item 888"
889,juniper maple,2992,"juniper maple pine sable violet yarrow birch ember harbor kestrel nova quartz, item 889"
890,quartz tidal,3029,"quartz tidal willow zephyr cedar fable iris lumen onyx river umber xenon, item 890"
891,xenon amber,3066,"xenon amber delta glade juniper maple pine sable violet yarrow birch ember, item 891"
892,ember harbor,3103,"ember harbor kestrel nova quartz tidal willow zephyr cedar fable iris lumen, item 892"
893,lumen onyx,3140,"lumen onyx river umber xenon amber delta glade juniper maple pine sable, item 893"
894,sable violet,3177,"sable violet yarrow birch ember harbor kestrel nova quartz tidal willow zephyr, item 894"
895,zephyr cedar,3214,"zephyr cedar fable iris lumen onyx river umber xenon amber delta glade, item 895"
896,glade juniper,3251,"glade juniper maple pine sable violet yarrow birch ember harbor kestrel nova, item 896"
897,nova quartz,3288,"nova quartz tidal willow zephyr cedar fable iris lumen onyx river umber, item 897"
898,umber xenon,3325,"umber xenon amber delta glade juniper maple pine sable violet yarrow birch, item 898"
899,birch ember,3362,"birch ember harbor kestrel nova quartz tidal willow zephyr cedar fable iris, item 899"
900,iris lumen,3399,"iris lumen onyx river umber xenon amber delta glade juniper maple pine, item 900"
901,pine sable,3436,"pine sable violet yarrow birch ember harbor kestrel nova quartz tidal willow, item 901"
902,willow zephyr,3473,"willow zephyr cedar fable iris lumen onyx river umber xenon amber delta, item 902"
903,delta glade,3510,"delta glade juniper maple pine sable violet yarrow birch ember harbor kestrel, item 903"
904,kestrel nova,3547,"kestrel nova quartz tidal willow zephyr cedar fable iris lumen onyx river, item 904"
905,river umber,3584,"river umber xenon amber delta glade juniper maple pine sable violet yarrow, item 905"
906,yarrow birch,3621,"yarrow birch ember harbor kestrel nova quartz tidal willow zephyr cedar fable, item 906"
907,fable iris,3658,"fable iris lumen onyx river umber xenon amber delta glade juniper maple, item 907"
908,maple pine,3695,"maple pine sable violet yarrow birch ember harbor kestrel nova quartz tidal, item 908"
909,tidal willow,3732,"tidal willow zephyr cedar fable iris lumen onyx river umber xenon amber, item 909"
910,amber delta,3769,"amber delta glade juniper maple pine sable violet yarrow birch ember harbor, item 910"
911,harbor kestrel,3806,"harbor kestrel nova quartz tidal willow zephyr cedar fable iris lumen onyx, item 911"
912,onyx river,3843,"onyx river umber xenon amber delta glade juniper maple pine sable violet, item 912"
913,violet yarrow,3880,"violet yarrow birch ember harbor kestrel nova quartz tidal willow zephyr cedar, item 913"
914,cedar fable,3917,"cedar fable iris lumen onyx river umber xenon amber delta glade juniper, item 914"
915,juniper maple,3954,"juniper maple pine sable violet yarrow birch ember harbor kestrel nova quartz, item 915"
916,quartz tidal,3991,"quartz tidal willow zephyr cedar fable iris lumen onyx river umber xenon, item 916"
917,xenon amber,4028,"xenon amber delta glade juniper maple pine sable violet yarrow birch ember, item 917"
918,ember harbor,4065,"ember harbor kestrel nova quartz tidal willow zephyr cedar fable iris lumen, item 918"
919,lumen onyx,4102,"lumen onyx river umber xenon amber delta glade juniper maple pine sable, item 919"
920,sable violet,4139,"sable violet yarrow birch ember harbor kestrel nova quartz tidal willow zephyr, item 920"
921,zephyr cedar,4176,"zephyr cedar fable iris lumen onyx river umber xenon amber delta glade, item 921"
922,glade juniper,4213,"glade juniper maple pine sable violet yarrow birch ember harbor kestrel nova, item 922"
923,nova quartz,4250,"nova quartz tidal willow zephyr cedar fable iris lumen onyx river umber, item 923"
924,umber xenon,4287,"umber xenon amber delta glade juniper maple pine sable violet yarrow birch, item 924"
925,birch ember,4324,"birch ember harbor kestrel nova quartz tidal willow zephyr cedar fable iris, item 925"
926,iris lumen,4361,"iris lumen onyx river umber xenon amber delta glade juniper maple pine, item 926"
927,pine sable,4398,"pine sable violet yarrow birch ember harbor kestrel nova quartz tidal willow, item 927"
928,willow zephyr,4435,"willow zephyr cedar fable iris lumen onyx river umber xenon amber delta, item 928"
929,delta glade,4472,"delta glade juniper maple pine sable violet yarrow birch ember harbor kestrel, item 929"
930,kestrel nova,4509,"kestrel nova quartz tidal willow zephyr cedar fable iris lumen onyx river, item 930"
931,river umber,4546,"river umber xenon amber delta glade juniper maple pine sable violet yarrow, item 931"
932,yarrow birch,4583,"yarrow birch ember harbor kestrel nova quartz tidal willow zephyr cedar fable, item 932"
933,fable iris,4620,"fable iris lumen onyx river umber xenon amber delta glade juniper maple, item 933"
934,maple pine,4657,"maple pine sable violet yarrow birch ember harbor kestrel nova quartz tidal, item 934"
935,tidal willow,4694,"tidal willow zephyr cedar fable iris lumen onyx river umber xenon amber, item 935"
936,amber delta,4731,"amber delta glade juniper maple pine sable violet yarrow birch ember harbor, item 936"
937,harbor kestrel,4768,"harbor kestrel nova quartz tidal willow zephyr cedar fable iris lumen onyx, item 937"
938,onyx river,4805,"onyx river umber xenon amber delta glade juniper maple pine sable violet, item 938"
939,violet yarrow,4842,"violet yarrow birch ember harbor kestrel nova quartz tidal willow zephyr cedar, item 939"
940,cedar fable,4879,"cedar fable iris lumen onyx river umber xenon amber delta glade juniper, item 940"
941,juniper maple,4916,"juniper maple pine sable violet yarrow birch ember harbor kestrel nova quartz, item 941"
942,quartz tidal,4953,"quartz tidal willow zephyr cedar fable iris lumen onyx river umber xenon, item 942"
943,xenon amber,4990,"xenon amber delta glade juniper maple pine sable violet yarrow birch ember, item 943"
944,ember harbor,5027,"ember harbor kestrel nova quartz tidal willow zephyr cedar fable iris lumen, item 944"
945,lumen onyx,5064,"lumen onyx river umber xenon amber delta glade juniper maple pine sable, item 945"
946,sable violet,5101,"sable violet yarrow birch ember harbor kestrel nova quartz tidal willow zephyr, item 946"
947,zephyr cedar,5138,"zephyr cedar fable iris lumen onyx river umber xenon amber delta glade, item 947"
948,glade juniper,5175,"glade juniper maple pine sable violet yarrow birch ember harbor kestrel nova, item 948"
949,nova quartz,5212,"nova quartz tidal willow zephyr cedar fable iris lumen onyx river umber, item 949"
950,umber xenon,5249,"umber xenon amber delta glade juniper maple pine sable violet yarrow birch, item 950"
951,birch ember,5286,"birch ember harbor kestrel nova quartz tidal willow zephyr cedar fable iris, item 951"
952,iris lumen,5323,"iris lumen onyx river umber xenon amber delta glade juniper maple pine, item 952"
953,pine sable,5360,"pine sable violet yarrow birch ember harbor kestrel nova quartz tidal willow, item 953"
954,willow zephyr,5397,"willow zephyr cedar fable iris lumen onyx river umber xenon amber delta, item 954"
955,delta glade,5434,"delta glade juniper maple pine sable violet yarrow birch ember harbor kestrel, item 955"
956,kestrel nova,5471,"kestrel nova quartz tidal willow zephyr cedar fable iris lumen onyx river, item 956"
957,river umber,5508,"river umber xenon amber delta glade juniper maple pine sable violet yarrow, item 957"
958,yarrow birch,5545,"yarrow birch ember harbor kestrel nova quartz tidal willow zephyr cedar fable, item 958"
959,fable iris,5582,"fable iris lumen onyx river umber xenon amber delta glade juniper maple, item 959"
960,maple pine,5619,"maple pine sable violet yarrow birch ember harbor kestrel nova quartz tidal, item 960"
961,tidal willow,5656,"tidal willow zephyr cedar fable iris lumen onyx river umber xenon amber, item 961"
962,amber delta,5693,"amber delta glade juniper maple pine sable violet yarrow birch ember harbor, item 962"
963,harbor kestrel,5730,"harbor kestrel nova quartz tidal willow zephyr cedar fable iris lumen onyx, item 963"
964,onyx river,5767,"onyx river umber xenon amber delta glade juniper maple pine sable violet, item 964"
965,violet yarrow,5804,"violet yarrow birch ember harbor kestrel nova quartz tidal willow zephyr cedar, item 965"
966,cedar fable,5841,"cedar fable iris lumen onyx river umber xenon amber delta glade juniper, item 966"
967,juniper maple,5878,"juniper maple pine sable violet yarrow birch ember harbor kestrel nova quartz, item 967"
968,quartz tidal,5915,"quartz tidal willow zephyr cedar fable iris lumen onyx river umber xenon, item 968"
969,xenon amber,5952,"xenon amber delta glade juniper maple pine sable violet yarrow birch ember, item 969"
970,ember harbor,5989,"ember harbor kestrel nova quartz tidal willow zephyr cedar fable iris lumen, item 970"
971,lumen onyx,6026,"lumen onyx river umber xenon amber delta glade juniper maple pine sable, item 971"
972,sable violet,6063,"sable violet yarrow birch ember harbor kestrel nova quartz tidal willow zephyr, item 972"
973,zephyr cedar,6100,"zephyr cedar fable iris lumen onyx river umber xenon amber delta glade, item 973"
974,glade juniper,6137,"glade juniper maple pine sable violet yarrow birch ember harbor kestrel nova, item 974"
975,nova quartz,6174,"nova quartz tidal willow zephyr cedar fable iris lumen onyx river umber, item 975"
976,umber xenon,6211,"umber xenon amber delta glade juniper maple pine sable violet yarrow birch, item 976"
977,birch ember,6248,"birch ember harbor kestrel nova quartz tidal willow zephyr cedar fable iris, item 977"
978,iris lumen,6285,"iris lumen onyx river umber xenon amber delta glade juniper maple pine, item 978"
979,pine sable,6322,"pine sable violet yarrow birch ember harbor kestrel nova quartz tidal willow, item 979"
980,willow zephyr,6359,"willow zephyr cedar fable iris lumen onyx river umber xenon amber delta, item 980"
981,delta glade,6396,"delta glade juniper maple pine sable violet yarrow birch ember harbor kestrel, item 981"
982,kestrel nova,6433,"kestrel nova quartz tidal willow zephyr cedar fable iris lumen onyx river, item 982"
983,river umber,6470,"river umber xenon amber delta glade juniper maple pine sable violet yarrow, item 983"
984,yarrow birch,6507,"yarrow birch ember harbor kestrel nova quartz tidal willow zephyr cedar fable, item 984"
985,fable iris,6544,"fable iris lumen onyx river umber xenon amber delta glade juniper maple, item 985"
986,maple pine,6581,"maple pine sable violet yarrow birch ember harbor kestrel nova quartz tidal, item 986"
987,tidal willow,6618,"tidal willow zephyr cedar fable iris lumen onyx river umber xenon amber, item 987"
988,amber delta,6655,"amber delta glade juniper maple pine sable violet yarrow birch ember harbor, item 988"
989,harbor kestrel,6692,"harbor kestrel nova quartz tidal willow zephyr cedar fable iris lumen onyx, item 989"
990,onyx river,6729,"onyx river umber xenon amber delta glade juniper maple pine sable violet, item 990"
991,violet yarrow,6766,"violet yarrow birch ember harbor kestrel nova quartz tidal willow zephyr cedar, item 991"
992,cedar fable,6803,"cedar fable iris lumen onyx river umber xenon amber delta glade juniper, item 992"
993,juniper maple,6840,"juniper maple pine sable violet yarrow birch ember harbor kestrel nova quartz, item 993"
994,quartz tidal,6877,"quartz tidal willow zephyr cedar fable iris lumen onyx river umber xenon, item 994"
995,xenon amber,6914,"xenon amber delta glade juniper maple pine sable violet yarrow birch ember, item 995"
996,ember harbor,6951,"ember harbor kestrel nova quartz tidal willow zephyr cedar fable iris lumen, item 996"
997,lumen onyx,6988,"lumen onyx river umber xenon amber delta glade juniper maple pine sable, item 997"
998,sable violet,7025,"sable violet yarrow birch ember harbor kestrel nova quartz tidal willow zephyr, item 998"
999,zephyr cedar,7062,"zephyr cedar fable iris lumen onyx river umber xenon amber delta glade, item 999"
1000,glade juniper,7099,"glade juniper maple pine sable violet yarrow birch ember harbor kestrel nova, item 1000"
1001,nova quartz,7136,"nova quartz tidal willow zephyr cedar fable iris lumen onyx river umber, item 1001"
1002,umber xenon,7173,"umber xenon amber delta glade juniper maple pine sable violet yarrow birch, item 1002"
1003,birch ember,7210,"birch ember harbor kestrel nova quartz tidal willow zephyr cedar fable iris, item 1003"
1004,iris lumen,7247,"iris lumen onyx river umber xenon amber delta glade juniper maple pine, item 1004"
1005,pine sable,7284,"pine sable violet yarrow birch ember harbor kestrel nova quartz tidal willow, item 1005"
1006,willow zephyr,7321,"willow zephyr cedar fable iris lumen onyx river umber xenon amber delta, item 1006"
1007,delta glade,7358,"delta glade juniper maple pine sable violet yarrow birch ember harbor kestrel, item 1007"
1008,kestrel nova,7395,"kestrel nova quartz tidal willow zephyr cedar fable iris lumen onyx river, item 1008"
1009,river umber,7432,"river umber xenon amber delta glade juniper maple pine sable violet yarrow, item 1009"
1010,yarrow birch,7469,"yarrow birch ember harbor kestrel nova quartz tidal willow zephyr cedar fable, item 1010"
1011,fable iris,7506,"fable iris lumen onyx river umber xenon amber delta glade juniper maple, item 1011"
1012,maple pine,7543,"maple pine sable violet yarrow birch ember harbor kestrel nova quartz tidal, item 1012"
1013,tidal willow,7580,"tidal willow zephyr cedar fable iris lumen onyx river umber xenon amber, item 1013"
1014,amber delta,7617,"amber delta glade juniper maple pine sable violet yarrow birch ember harbor, item 1014"
1015,harbor kestrel,7654,"harbor kestrel nova quartz tidal willow zephyr cedar fable iris lumen onyx, item 1015"
1016,onyx river,7691,"onyx river umber xenon amber delta glade juniper maple pine sable violet, item 1016"
1017,violet yarrow,7728,"violet yarrow birch ember harbor kestrel nova quartz tidal willow zephyr cedar, item 1017"
1018,cedar fable,7765,"cedar fable iris lumen onyx river umber xenon amber delta glade juniper, item 1018"
1019,juniper maple,7802,"juniper maple pine sable violet yarrow birch ember harbor kestrel nova quartz, item 1019"
1020,quartz tidal,7839,"quartz tidal willow zephyr cedar fable iris lumen onyx river umber xenon, item 1020"
1021,xenon amber,7876,"xenon amber delta glade juniper maple pine sable violet yarrow birch ember, item 1021"
1022,ember harbor,7913,"ember harbor kestrel nova quartz tidal willow zephyr cedar fable iris lumen, item 1022"
1023,lumen onyx,7950,"lumen onyx river umber xenon amber delta glade juniper maple pine sable, item 1023"
1024,sable violet,7987,"sable violet yarrow birch ember harbor kestrel nova quartz tidal willow zephyr, item 1024"
1025,zephyr cedar,8024,"zephyr cedar fable iris lumen onyx river umber xenon amber delta glade, item 1025"
1026,glade juniper,8061,"glade juniper maple pine sable violet yarrow birch ember harbor kestrel nova, item 1026"
1027,nova quartz,8098,"nova quartz tidal willow zephyr cedar fable iris lumen onyx river umber, item 1027"
1028,umber xenon,8135,"umber xenon amber delta glade juniper maple pine sable violet yarrow birch, item 1028"
1029,birch ember,8172,"birch ember harbor kestrel nova quartz tidal willow zephyr cedar fable iris, item 1029"
1030,iris lumen,8209,"iris lumen onyx river umber xenon amber delta glade juniper maple pine, item 1030"
1031,pine sable,8246,"pine sable violet yarrow birch ember harbor kestrel nova quartz tidal willow, item 1031"
1032,willow zephyr,8283,"willow zephyr cedar fable iris lumen onyx river umber xenon amber delta, item 1032"
1033,delta glade,8320,"delta glade juniper maple pine sable violet yarrow birch ember harbor kestrel, item 1033"
1034,kestrel nova,8357,"kestrel nova quartz tidal willow zephyr cedar fable iris lumen onyx river, item 1034"
1035,river umber,8394,"river umber xenon amber delta glade juniper maple pine sable violet yarrow, item 1035"
1036,yarrow birch,8431,"yarrow birch ember harbor kestrel nova quartz tidal willow zephyr cedar fable, item 1036"
1037,fable iris,8468,"fable iris lumen onyx river umber xenon amber delta glade juniper maple, item 1037"
1038,maple pine,8505,"maple pine sable violet yarrow birch ember harbor kestrel nova quartz tidal, item 1038"
1039,tidal willow,8542,"tidal willow zephyr cedar fable iris lumen onyx river umber xenon amber, item 1039"
1040,amber delta,8579,"amber delta glade juniper maple pine sable violet yarrow birch ember harbor, item 1040"
1041,harbor kestrel,8616,"harbor kestrel nova quartz tidal willow zephyr cedar fable iris lumen onyx, item 1041"
1042,onyx river,8653,"onyx river umber xenon amber delta glade juniper maple pine sable violet, item 1042"
1043,violet yarrow,8690,"violet yarrow birch ember harbor kestrel nova quartz tidal willow zephyr cedar, item 1043"
1044,cedar fable,8727,"cedar fable iris lumen onyx river umber xenon amber delta glade juniper, item 1044"
1045,juniper maple,8764,"juniper maple pine sable violet yarrow birch ember harbor kestrel nova quartz, item 1045"
1046,quartz tidal,8801,"quartz tidal willow zephyr cedar fable iris lumen onyx river umber xenon, item 1046"
1047,xenon amber,8838,"xenon amber delta glade juniper maple pine sable violet yarrow birch ember, item 1047"
1048,ember harbor,8875,"ember harbor kestrel nova quartz tidal willow zephyr cedar fable iris lumen, item 1048"
1049,lumen onyx,8912,"lumen onyx river umber xenon amber delta glade juniper maple pine sable, item 1049"
1050,sable violet,8949,"sable violet yarrow birch ember harbor kestrel nova quartz tidal willow zephyr, item 1050"
1051,zephyr cedar,8986,"zephyr cedar fable iris lumen onyx river umber xenon amber delta glade, item 1051"
1052,glade juniper,9023,"glade juniper maple pine sable violet yarrow birch ember harbor kestrel nova, item 1052"
1053,nova quartz,9060,"nova quartz tidal willow zephyr cedar fable iris lumen onyx river umber, item 1053"
1054,umber xenon,9097,"umber xenon amber delta glade juniper maple pine sable violet yarrow birch, item 1054"
1055,birch ember,9134,"birch ember harbor kestrel nova quartz tidal willow zephyr cedar fable iris, item 1055"
1056,iris lumen,9171,"iris lumen onyx river umber xenon amber delta glade juniper maple pine, item 1056"
1057,pine sable,9208,"pine sable violet yarrow birch ember harbor kestrel nova quartz tidal willow, item 1057"
1058,willow zephyr,9245,"willow zephyr cedar fable iris lumen onyx river umber xenon amber delta, item 1058"
1059,delta glade,9282,"delta glade juniper maple pine sable violet yarrow birch ember harbor kestrel, item 1059"
1060,kestrel nova,9319,"kestrel nova quartz tidal willow zephyr cedar fable iris lumen onyx river, item 1060"
1061,river umber,9356,"river umber xenon amber delta glade juniper maple pine sable violet yarrow, item 1061"
1062,yarrow birch,9393,"yarrow birch ember harbor kestrel nova quartz tidal willow zephyr cedar fable, item 1062"
1063,fable iris,9430,"fable iris lumen onyx river umber xenon amber delta glade juniper maple, item 1063"
1064,maple pine,9467,"maple pine sable violet yarrow birch ember harbor kestrel nova quartz tidal, item 1064"
1065,tidal willow,9504,"tidal willow zephyr cedar fable iris lumen onyx river umber xenon amber, item 1065"
1066,amber delta,9541,"amber delta glade juniper maple pine sable violet yarrow birch ember harbor, item 1066"
1067,harbor kestrel,9578,"harbor kestrel nova quartz tidal willow zephyr cedar fable iris lumen onyx, item 1067"
1068,onyx river,9615,"onyx river umber xenon amber delta glade juniper maple pine sable violet, item 1068"
1069,violet yarrow,9652,"violet yarrow birch ember harbor kestrel nova quartz tidal willow zephyr cedar, item 1069"
1070,cedar fable,9689,"cedar fable iris lumen onyx river umber xenon amber delta glade juniper, item 1070"
1071,juniper maple,9726,"juniper maple pine sable violet yarrow birch ember harbor kestrel nova quartz, item 1071"
1072,quartz tidal,9763,"quartz tidal willow zephyr cedar fable iris lumen onyx river umber xenon, item 1072"
1073,xenon amber,9800,"xenon amber delta glade juniper maple pine sable violet yarrow birch ember, item 1073"
1074,ember harbor,9837,"ember harbor kestrel nova quartz tidal willow zephyr cedar fable iris lumen, item 1074"
1075,lumen onyx,9874,"lumen onyx river umber xenon amber delta glade juniper maple pine sable, item 1075"
1076,sable violet,9911,"sable violet yarrow birch ember harbor kestrel nova quartz tidal willow zephyr, item 1076"
1077,zephyr cedar,9948,"zephyr cedar fable iris lumen onyx river umber xenon amber delta glade, item 1077"
1078,glade juniper,9985,"glade juniper maple pine sable violet yarrow birch ember harbor kestrel nova, item 1078"
1079,nova quartz,10022,"nova quartz tidal willow zephyr cedar fable iris lumen onyx river umber, item 1079"
1080,umber xenon,10059,"umber xenon amber delta glade juniper maple pine sable violet yarrow birch, item 1080"
1081,birch ember,10096,"birch ember harbor kestrel nova quartz tidal willow zephyr cedar fable iris, item 1081"
1082,iris lumen,133,"iris lumen onyx river umber xenon amber delta glade juniper maple pine, item 1082"
1083,pine sable,170,"pine sable violet yarrow birch ember harbor kestrel nova quartz tidal willow, item 1083"
1084,willow zephyr,207,"willow zephyr cedar fable iris lumen onyx river umber xenon amber delta, item 1084"
1085,delta glade,244,"delta glade juniper maple pine sable violet yarrow birch ember harbor kestrel, item 1085"
1086,kestrel nova,281,"kestrel nova quartz tidal willow zephyr cedar fable iris lumen onyx river, item 1086"
1087,river umber,318,"river umber xenon amber delta glade juniper maple pine sable violet yarrow, item 1087"
1088,yarrow birch,355,"yarrow birch ember harbor kestrel nova quartz tidal willow zephyr cedar fable, item 1088"
1089,fable iris,392,"fable iris lumen onyx river umber xenon amber delta glade juniper maple, item 1089"
1090,maple pine,429,"maple pine sable violet yarrow birch ember harbor kestrel nova quartz tidal, item 1090"
1091,tidal willow,466,"tidal willow zephyr cedar fable iris lumen onyx river umber xenon amber, item 1091"
1092,amber delta,503,"amber delta glade juniper maple pine sable violet yarrow birch ember harbor, item 1092"
1093,harbor kestrel,540,"harbor kestrel nova quartz tidal willow zephyr cedar fable iris lumen onyx, item 1093"
1094,onyx river,577,"onyx river umber xenon amber delta glade juniper maple pine sable violet, item 1094"
1095,violet yarrow,614,"violet yarrow birch ember harbor kestrel nova quartz tidal willow zephyr cedar, item 1095"
1096,cedar fable,651,"cedar fable iris lumen onyx river umber xenon amber delta glade juniper, item 1096"
1097,juniper maple,688,"juniper maple pine sable violet yarrow birch ember harbor kestrel nova quartz, item 1097"
1098,quartz tidal,725,"quartz tidal willow zephyr cedar fable iris lumen onyx river umber xenon, item 1098"
1099,xenon amber,762,"xenon amber delta glade juniper maple pine sable violet yarrow birch ember, item 1099"
1100,ember harbor,799,"ember harbor kestrel nova quartz tidal willow zephyr cedar fable iris lumen, item 1100"
1101,lumen onyx,836,"lumen onyx river umber xenon amber delta glade juniper maple pine sable, item 1101"
1102,sable violet,873,"sable violet yarrow birch ember harbor kestrel nova quartz tidal willow zephyr, item 1102"
1103,zephyr cedar,910,"zephyr cedar fable iris lumen onyx river umber xenon amber delta glade, item 1103"
1104,glade juniper,947,"glade juniper maple pine sable violet yarrow birch ember harbor kestrel nova, item 1104"
1105,nova quartz,984,"nova quartz tidal willow zephyr cedar fable iris lumen onyx river umber, item 1105"
1106,umber xenon,1021,"umber xenon amber delta glade juniper maple pine sable violet yarrow birch, item 1106"
1107,birch ember,1058,"birch ember harbor kestrel nova quartz tidal willow zephyr cedar fable iris, item 1107"
1108,iris lumen,1095,"iris lumen onyx river umber xenon amber delta glade juniper maple pine, item 1108"
1109,pine sable,1132,"pine sable violet yarrow birch ember harbor kestrel nova quartz tidal willow, item 1109"
1110,willow zephyr,1169,"willow zephyr cedar fable iris lumen onyx river umber xenon amber delta, item 1110"
1111,delta glade,1206,"delta glade juniper maple pine sable violet yarrow birch ember harbor kestrel, item 1111"
1112,kestrel nova,1243,"kestrel nova quartz tidal willow zephyr cedar fable iris lumen onyx river, item 1112"
1113,river umber,1280,"river umber xenon amber delta glade juniper maple pine sable violet yarrow, item 1113"
1114,yarrow birch,1317,"yarrow birch ember harbor kestrel nova quartz tidal willow zephyr cedar fable, item 1114"
1115,fable iris,1354,"fable iris lumen onyx river umber xenon amber delta glade juniper maple, item 1115"
1116,maple pine,1391,"maple pine sable violet yarrow birch ember harbor kestrel nova quartz tidal, item 1116"
1117,tidal willow,1428,"tidal willow zephyr cedar fable iris lumen onyx river umber xenon amber, item 1117"
1118,amber delta,1465,"amber delta glade juniper maple pine sable violet yarrow birch ember harbor, item 1118"
1119,harbor kestrel,1502,"harbor kestrel nova quartz tidal willow zephyr cedar fable iris lumen onyx, item 1119"
1120,onyx river,1539,"onyx river umber xenon amber delta glade juniper maple pine sable violet, item 1120"
1121,violet yarrow,1576,"violet yarrow birch ember harbor kestrel nova quartz tidal willow zephyr cedar, item 1121"
1122,cedar fable,1613,"cedar fable iris lumen onyx river umber xenon amber delta glade juniper, item 1122"
1123,juniper maple,1650,"juniper maple pine sable violet yarrow birch ember harbor kestrel nova quartz, item 1123"
1124,quartz tidal,1687,"quartz tidal willow zephyr cedar fable iris lumen onyx river umber xenon, item 1124"
1125,xenon amber,1724,"xenon amber delta glade juniper maple pine sable violet yarrow birch ember, item 1125"
1126,ember harbor,1761,"ember harbor kestrel nova quartz tidal willow zephyr cedar fable iris lumen, item 1126"
1127,lumen onyx,1798,"lumen onyx river umber xenon amber delta glade juniper maple pine sable, item 1127"
1128,sable violet,1835,"sable violet yarrow birch ember harbor kestrel nova quartz tidal willow zephyr, item 1128"
1129,zephyr cedar,1872,"zephyr cedar fable iris lumen onyx river umber xenon amber delta glade, item 1129"
1130,glade juniper,1909,"glade juniper maple pine sable violet yarrow birch ember harbor kestrel nova, item 1130"
1131,nova quartz,1946,"nova quartz tidal willow zephyr cedar fable iris lumen onyx river umber, item 1131"
1132,umber xenon,1983,"umber xenon amber delta glade juniper maple pine sable violet yarrow birch, item 1132"
1133,birch ember,2020,"birch ember harbor kestrel nova quartz tidal willow zephyr cedar fable iris, item 1133"
1134,iris lumen,2057,"iris lumen onyx river umber xenon amber delta glade juniper maple pine, item 1134"
1135,pine sable,2094,"pine sable violet yarrow birch ember harbor kestrel nova quartz tidal willow, item 1135"
1136,willow zephyr,2131,"willow zephyr cedar fable iris lumen onyx river umber xenon amber delta, item 1136"
1137,delta glade,2168,"delta glade juniper maple pine sable violet yarrow birch ember harbor kestrel, item 1137"
1138,kestrel nova,2205,"kestrel nova quartz tidal willow zephyr cedar fable iris lumen onyx river, item 1138"
1139,river umber,2242,"river umber xenon amber delta glade juniper maple pine sable violet yarrow, item 1139"
1140,yarrow birch,2279,"yarrow birch ember harbor kestrel nova quartz tidal willow zephyr cedar fable, item 1140"
1141,fable iris,2316,"fable iris lumen onyx river umber xenon amber delta glade juniper maple, item 1141"
1142,maple pine,2353,"maple pine sable violet yarrow birch ember harbor kestrel nova quartz tidal, item 1142"
1143,tidal willow,2390,"tidal willow zephyr cedar fable iris lumen onyx river umber xenon amber, item 1143"
1144,amber delta,2427,"amber delta glade juniper maple pine sable violet yarrow birch ember harbor, item 1144"
1145,harbor kestrel,2464,"harbor kestrel nova quartz tidal willow zephyr cedar fable iris lumen onyx, item 1145"
1146,onyx river,2501,"onyx river umber xenon amber delta glade juniper maple pine sable violet, item 1146"
1147,violet yarrow,2538,"violet yarrow birch ember harbor kestrel nova quartz tidal willow zephyr cedar, item 1147"
1148,cedar fable,2575,"cedar fable iris lumen onyx river umber xenon amber delta glade juniper, item 1148"
1149,juniper maple,2612,"juniper maple pine sable violet yarrow birch ember harbor kestrel nova quartz, item 1149"
1150,quartz tidal,2649,"quartz tidal willow zephyr cedar fable iris lumen onyx river umber xenon, item 1150"
1151,xenon amber,2686,"xenon amber delta glade juniper maple pine sable violet yarrow birch ember, item 1151"
1152,ember harbor,2723,"ember harbor kestrel nova quartz tidal willow zephyr cedar fable iris lumen, item 1152"
1153,lumen onyx,2760,"lumen onyx river umber xenon amber delta glade juniper maple pine sable, item 1153"
1154,sable violet,2797,"sable violet yarrow birch ember harbor kestrel nova quartz tidal willow zephyr, item 1154"
1155,zephyr cedar,2834,"zephyr cedar fable iris lumen onyx river umber xenon amber delta glade, item 1155"
1156,glade juniper,2871,"glade juniper maple pine sable violet yarrow birch ember harbor kestrel nova, item 1156"
1157,nova quartz,2908,"nova quartz tidal willow zephyr cedar fable iris lumen onyx river umber, item 1157"
1158,umber xenon,2945,"umber xenon amber delta glade juniper maple pine sable violet yarrow birch, item 1158"
1159,birch ember,2982,"birch ember harbor kestrel nova quartz tidal willow zephyr cedar fable iris, item 1159"
1160,iris lumen,3019,"iris lumen onyx river umber xenon amber delta glade juniper maple pine, item 1160"
1161,pine sable,3056,"pine sable violet yarrow birch ember harbor kestrel nova quartz tidal willow, item 1161"
1162,willow zephyr,3093,"willow zephyr cedar fable iris lumen onyx river umber xenon amber delta, item 1162"
1163,delta glade,3130,"delta glade juniper maple pine sable violet yarrow birch ember harbor kestrel, item 1163"
1164,kestrel nova,3167,"kestrel nova quartz tidal willow zephyr cedar fable iris lumen onyx river, item 1164"
1165,river umber,3204,"river umber xenon amber delta glade juniper maple pine sable violet yarrow, item 1165"
1166,yarrow birch,3241,"yarrow birch ember harbor kestrel nova quartz tidal willow zephyr cedar fable, item 1166"
1167,fable iris,3278,"fable iris lumen onyx river umber xenon amber delta glade juniper maple, item 1167"
1168,maple pine,3315,"maple pine sable violet yarrow birch ember harbor kestrel nova quartz tidal, item 1168"
1169,tidal willow,3352,"tidal willow zephyr cedar fable iris lumen onyx river umber xenon amber, item 1169"
1170,amber delta,3389,"amber delta glade juniper maple pine sable violet yarrow birch ember harbor, item 1170"
1171,harbor kestrel,3426,"harbor kestrel nova quartz tidal willow zephyr cedar fable iris lumen onyx, item 1171"
1172,onyx river,3463,"onyx river umber xenon amber delta glade juniper maple pine sable violet, item 1172"
1173,violet yarrow,3500,"violet yarrow birch ember harbor kestrel nova quartz tidal willow zephyr cedar, item 1173"
1174,cedar fable,3537,"cedar fable iris lumen onyx river umber xenon amber delta glade juniper, item 1174"
1175,juniper maple,3574,"juniper maple pine sable violet yarrow birch ember harbor kestrel nova quartz, item 1175"
1176,quartz tidal,3611,"quartz tidal willow zephyr cedar fable iris lumen onyx river umber xenon, item 1176"
1177,xenon amber,3648,"xenon amber delta glade juniper maple pine sable violet yarrow birch ember, item 1177"
1178,ember harbor,3685,"ember harbor kestrel nova quartz tidal willow zephyr cedar fable iris lumen, item 1178"
1179,lumen onyx,3722,"lumen onyx river umber xenon amber delta glade juniper maple pine sable, item 1179"
1180,sable violet,3759,"sable violet yarrow birch ember harbor kestrel nova quartz tidal willow zephyr, item 1180"
1181,zephyr cedar,3796,"zephyr cedar fable iris lumen onyx river umber xenon amber delta glade, item 1181"
1182,glade juniper,3833,"glade juniper maple pine sable violet yarrow birch ember harbor kestrel nova, item 1182"
1183,nova quartz,3870,"nova quartz tidal willow zephyr cedar fable iris lumen onyx river umber, item 1183"
1184,umber xenon,3907,"umber xenon amber delta glade juniper maple pine sable violet yarrow birch, item 1184"
1185,birch ember,3944,"birch ember harbor kestrel nova quartz tidal willow zephyr cedar fable iris, item 1185"
1186,iris lumen,3981,"iris lumen onyx river umber xenon amber delta glade juniper maple pine, item 1186"
1187,pine sable,4018,"pine sable violet yarrow birch ember harbor kestrel nova quartz tidal willow, item 1187"
1188,willow zephyr,4055,"willow zephyr cedar fable iris lumen onyx river umber xenon amber delta, item 1188"
1189,delta glade,4092,"delta glade juniper maple pine sable violet yarrow birch ember harbor kestrel, item 1189"
1190,kestrel nova,4129,"kestrel nova quartz tidal willow zephyr cedar fable iris lumen onyx river, item 1190"
1191,river umber,4166,"river umber xenon amber delta glade juniper maple pine sable violet yarrow, item 1191"
1192,yarrow birch,4203,"yarrow birch ember harbor kestrel nova quartz tidal willow zephyr cedar fable, item 1192"
1193,fable iris,4240,"fable iris lumen onyx river umber xenon amber delta glade juniper maple, item 1193"
1194,maple pine,4277,"maple pine sable violet yarrow birch ember harbor kestrel nova quartz tidal, item 1194"
1195,tidal willow,4314,"tidal willow zephyr cedar fable iris lumen onyx river umber xenon amber, item 1195"
1196,amber delta,4351,"amber delta glade juniper maple pine sable violet yarrow birch ember harbor, item 1196"
1197,harbor kestrel,4388,"harbor kestrel nova quartz tidal willow zephyr cedar fable iris lumen onyx, item 1197"
1198,onyx river,4425,"onyx river umber xenon amber delta glade juniper maple pine sable violet, item 1198"
1199,violet yarrow,4462,"violet yarrow birch ember harbor kestrel nova quartz tidal willow zephyr cedar, item 1199"
1200,cedar fable,4499,"cedar fable iris lumen onyx river umber xenon amber delta glade juniper, item 1200"
1201,juniper maple,4536,"juniper maple pine sable violet yarrow birch ember harbor kestrel nova quartz, item 1201"
1202,quartz tidal,4573,"quartz tidal willow zephyr cedar fable iris lumen onyx river umber xenon, item 1202"
1203,xenon amber,4610,"xenon amber delta glade juniper maple pine sable violet yarrow birch ember, item 1203"
1204,ember harbor,4647,"ember harbor kestrel nova quartz tidal willow zephyr cedar fable iris lumen, item 1204"
1205,lumen onyx,4684,"lumen onyx river umber xenon amber delta glade juniper maple pine sable, item 1205"
1206,sable violet,4721,"sable violet yarrow birch ember harbor kestrel nova quartz tidal willow zephyr, item 1206"
1207,zephyr cedar,4758,"zephyr cedar fable iris lumen onyx river umber xenon amber delta glade, item 1207"
1208,glade juniper,4795,"glade juniper maple pine sable violet yarrow birch ember harbor kestrel nova, item 1208"
1209,nova quartz,4832,"nova quartz tidal willow zephyr cedar fable iris lumen onyx river umber, item 1209"
1210,umber xenon,4869,"umber xenon amber delta glade juniper maple pine sable violet yarrow birch, item 1210"
1211,birch ember,4906,"birch ember harbor kestrel nova quartz tidal willow zephyr cedar fable iris, item 1211"
1212,iris lumen,4943,"iris lumen onyx river umber xenon amber delta glade juniper maple pine, item 1212"
1213,pine sable,4980,"pine sable violet yarrow birch ember harbor kestrel nova quartz tidal willow, item 1213"
1214,willow zephyr,5017,"willow zephyr cedar fable iris lumen onyx river umber xenon amber delta, item 1214"
1215,delta glade,5054,"delta glade juniper maple pine sable violet yarrow birch ember harbor kestrel, item 1215"
1216,kestrel nova,5091,"kestrel nova quartz tidal willow zephyr cedar fable iris lumen onyx river, item 1216"
1217,river umber,5128,"river umber xenon amber delta glade juniper maple pine sable violet yarrow, item 1217"
1218,yarrow birch,5165,"yarrow birch ember harbor kestrel nova quartz tidal willow zephyr cedar fable, item 1218"
1219,fable iris,5202,"fable iris lumen onyx river umber xenon amber delta glade juniper maple, item 1219"
1220,maple pine,5239,"maple pine sable violet yarrow birch ember harbor kestrel nova quartz tidal, item 1220"
1221,tidal willow,5276,"tidal willow zephyr cedar fable iris lumen onyx river umber xenon amber, item 1221"
1222,amber delta,5313,"amber delta glade juniper maple pine sable violet yarrow birch ember harbor, item 1222"
1223,harbor kestrel,5350,"harbor kestrel nova quartz tidal willow zephyr cedar fable iris lumen onyx, item 1223"
1224,onyx river,5387,"onyx river umber xenon amber delta glade juniper maple pine sable violet, item 1224"
1225,violet yarrow,5424,"violet yarrow birch ember harbor kestrel nova quartz tidal willow zephyr cedar, item 1225"
1226,cedar fable,5461,"cedar fable iris lumen onyx river umber xenon amber delta glade juniper, item 1226"
1227,juniper maple,5498,"juniper maple pine sable violet yarrow birch ember harbor kestrel nova quartz, item 1227"
1228,quartz tidal,5535,"quartz tidal willow zephyr cedar fable iris lumen onyx river umber xenon, item 1228"
1229,xenon amber,5572,"xenon amber delta glade juniper maple pine sable violet yarrow birch ember, item 1229"
1230,ember harbor,5609,"ember harbor kestrel nova quartz tidal willow zephyr cedar fable iris lumen, item 1230"
1231,lumen onyx,5646,"lumen onyx river umber xenon amber delta glade juniper maple pine sable, item 1231"
1232,sable violet,5683,"sable violet yarrow birch ember harbor kestrel nova quartz tidal willow zephyr, item 1232"
1233,zephyr cedar,5720,"zephyr cedar fable iris lumen onyx river umber xenon amber delta glade, item 1233"
1234,glade juniper,5757,"glade juniper maple pine sable violet yarrow birch ember harbor kestrel nova, item 1234"
1235,nova quartz,5794,"nova quartz tidal willow zephyr cedar fable iris lumen onyx river umber, item 1235"
1236,umber xenon,5831,"umber xenon amber delta glade juniper maple pine sable violet yarrow birch, item 1236"
1237,birch ember,5868,"birch ember harbor kestrel nova quartz tidal willow zephyr cedar fable iris, item 1237"
1238,iris lumen,5905,"iris lumen onyx river umber xenon amber delta glade juniper maple pine, item 1238"
1239,pine sable,5942,"pine sable violet yarrow birch ember harbor kestrel nova quartz tidal willow, item 1239"
1240,willow zephyr,5979,"willow zephyr cedar fable iris lumen onyx river umber xenon amber delta, item 1240"
1241,delta glade,6016,"delta glade juniper maple pine sable violet yarrow birch ember harbor kestrel, item 1241"
1242,kestrel nova,6053,"kestrel nova quartz tidal willow zephyr cedar fable iris lumen onyx river, item 1242"
1243,river umber,6090,"river umber xenon amber delta glade juniper maple pine sable violet yarrow, item 1243"
1244,yarrow birch,6127,"yarrow birch ember harbor kestrel nova quartz tidal willow zephyr cedar fable, item 1244"
1245,fable iris,6164,"fable iris lumen onyx river umber xenon amber delta glade juniper maple, item 1245"
1246,maple pine,6201,"maple pine sable violet yarrow birch ember harbor kestrel nova quartz tidal, item 1246"
1247,tidal willow,6238,"tidal willow zephyr cedar fable iris lumen onyx river umber xenon amber, item 1247"
1248,amber delta,6275,"amber delta glade juniper maple pine sable violet yarrow birch ember harbor, item 1248"
1249,harbor kestrel,6312,"harbor kestrel nova quartz tidal willow zephyr cedar fable iris lumen onyx, item 1249"
1250,onyx river,6349,"onyx river umber xenon amber delta glade juniper maple pine sable violet, item 1250"
1251,violet yarrow,6386,"violet yarrow birch ember harbor kestrel nova quartz tidal willow zephyr cedar, item 1251"
1252,cedar fable,6423,"cedar fable iris lumen onyx river umber xenon amber delta glade juniper, item 1252"
1253,juniper maple,6460,"juniper maple pine sable violet yarrow birch ember harbor kestrel nova quartz, item 1253"
1254,quartz tidal,6497,"quartz tidal willow zephyr cedar fable iris lumen onyx river umber xenon, item 1254"
1255,xenon amber,6534,"xenon amber delta glade juniper maple pine sable violet yarrow birch ember, item 1255"
1256,ember harbor,6571,"ember harbor kestrel nova quartz tidal willow zephyr cedar fable iris lumen, item 1256"
1257,lumen onyx,6608,"lumen onyx river umber xenon amber delta glade juniper maple pine sable, item 1257"
1258,sable violet,6645,"sable violet yarrow birch ember harbor kestrel nova quartz tidal willow zephyr, item 1258"
1259,zephyr cedar,6682,"zephyr cedar fable iris lumen onyx river umber xenon amber delta glade, item 1259"
1260,glade juniper,6719,"glade juniper maple pine sable violet yarrow birch ember harbor kestrel nova, item 1260"
1261,nova quartz,6756,"nova quartz tidal willow zephyr cedar fable iris lumen onyx river umber, item 1261"
1262,umber xenon,6793,"umber xenon amber delta glade juniper maple pine sable violet yarrow birch, item 1262"
1263,birch ember,6830,"birch ember harbor kestrel nova quartz tidal willow zephyr cedar fable iris, item 1263"
1264,iris lumen,6867,"iris lumen onyx river umber xenon amber delta glade juniper maple pine, item 1264"
1265,pine sable,6904,"pine sable violet yarrow birch ember harbor kestrel nova quartz tidal willow, item 1265"
1266,willow zephyr,6941,"willow zephyr cedar fable iris lumen onyx river umber xenon amber delta, item 1266"
1267,delta glade,6978,"delta glade juniper maple pine sable violet yarrow birch ember harbor kestrel, item 1267"
1268,kestrel nova,7015,"kestrel nova quartz tidal willow zephyr cedar fable iris lumen onyx river, item 1268"
1269,river umber,7052,"river umber xenon amber delta glade juniper maple pine sable violet yarrow, item 1269"
1270,yarrow birch,7089,"yarrow birch ember harbor kestrel nova quartz tidal willow zephyr cedar fable, item 1270"
1271,fable iris,7126,"fable iris lumen onyx river umber xenon amber delta glade juniper maple, item 1271"
1272,maple pine,7163,"maple pine sable violet yarrow birch ember harbor kestrel nova quartz tidal, item 1272"
1273,tidal willow,7200,"tidal willow zephyr cedar fable iris lumen onyx river umber xenon amber, item 1273"
1274,amber delta,7237,"amber delta glade juniper maple pine sable violet yarrow birch ember harbor, item 1274"
1275,harbor kestrel,7274,"harbor kestrel nova quartz tidal willow zephyr cedar fable iris lumen onyx, item 1275"
1276,onyx river,7311,"onyx river umber xenon amber delta glade juniper maple pine sable violet, item 1276"
1277,violet yarrow,7348,"violet yarrow birch ember harbor kestrel nova quartz tidal willow zephyr cedar, item 1277"
1278,cedar fable,7385,"cedar fable iris lumen onyx river umber xenon amber delta glade juniper, item 1278"
1279,juniper maple,7422,"juniper maple pine sable violet yarrow birch ember harbor kestrel nova quartz, item 1279"
1280,quartz tidal,7459,"quartz tidal willow zephyr cedar fable iris lumen onyx river umber xenon, item 1280"
1281,xenon amber,7496,"xenon amber delta glade juniper maple pine sable violet yarrow birch ember, item 1281"
1282,ember harbor,7533,"ember harbor kestrel nova quartz tidal willow zephyr cedar fable iris lumen, item 1282"
1283,lumen onyx,7570,"lumen onyx river umber xenon amber delta glade juniper maple pine sable, item 1283"
1284,sable violet,7607,"sable violet yarrow birch ember harbor kestrel nova quartz tidal willow zephyr, item 1284"
1285,zephyr cedar,7644,"zephyr cedar fable iris lumen onyx river umber xenon amber delta glade, item 1285"
1286,glade juniper,7681,"glade juniper maple pine sable violet yarrow birch ember harbor kestrel nova, item 1286"
1287,nova quartz,7718,"nova quartz tidal willow zephyr cedar fable iris lumen onyx river umber, item 1287"
1288,umber xenon,7755,"umber xenon amber delta glade juniper maple pine sable violet yarrow birch, item 1288"
1289,birch ember,7792,"birch ember harbor kestrel nova quartz tidal willow zephyr cedar fable iris, item 1289"
1290,iris lumen,7829,"iris lumen onyx river umber xenon amber delta glade juniper maple pine, item 1290"
1291,pine sable,7866,"pine sable violet yarrow birch ember harbor kestrel nova quartz tidal willow, item 1291"
1292,willow zephyr,7903,"willow zephyr cedar fable iris lumen onyx river umber xenon amber delta, item 1292"
1293,delta glade,7940,"delta glade juniper maple pine sable violet yarrow birch ember harbor kestrel, item 1293"
1294,kestrel nova,7977,"kestrel nova quartz tidal willow zephyr cedar fable iris lumen onyx river, item 1294"
1295,river umber,8014,"river umber xenon amber delta glade juniper maple pine sable violet yarrow, item 1295"
1296,yarrow birch,8051,"yarrow birch ember harbor kestrel nova quartz tidal willow zephyr cedar fable, item 1296"
1297,fable iris,8088,"fable iris lumen onyx river umber xenon amber delta glade juniper maple, item 1297"
1298,maple pine,8125,"maple pine sable violet yarrow birch ember harbor kestrel nova quartz tidal, item 1298"
1299,tidal willow,8162,"tidal willow zephyr cedar fable iris lumen onyx river umber xenon amber, item 1299"
1300,amber delta,8199,"amber delta glade juniper maple pine sable violet yarrow birch ember harbor, item 1300"
1301,harbor kestrel,8236,"harbor kestrel nova quartz tidal willow zephyr cedar fable iris lumen onyx, item 1301"
1302,onyx river,8273,"onyx river umber xenon amber delta glade juniper maple pine sable violet, item 1302"
1303,violet yarrow,8310,"violet yarrow birch ember harbor kestrel nova quartz tidal willow zephyr cedar, item 1303"
1304,cedar fable,8347,"cedar fable iris lumen onyx river umber xenon amber delta glade juniper, item 1304"
1305,juniper maple,8384,"juniper maple pine sable violet yarrow birch ember harbor kestrel nova quartz, item 1305"
1306,quartz tidal,8421,"quartz tidal willow zephyr cedar fable iris lumen onyx river umber xenon, item 1306"
1307,xenon amber,8458,"xenon amber delta glade juniper maple pine sable violet yarrow birch ember, item 1307"
1308,ember harbor,8495,"ember harbor kestrel nova quartz tidal willow zephyr cedar fable iris lumen, item 1308"
1309,lumen onyx,8532,"lumen onyx river umber xenon amber delta glade juniper maple pine sable, item 1309"
1310,sable violet,8569,"sable violet yarrow birch ember harbor kestrel nova quartz tidal willow zephyr, item 1310"
1311,zephyr cedar,8606,"zephyr cedar fable iris lumen onyx river umber xenon amber delta glade, item 1311"
1312,glade juniper,8643,"glade juniper maple pine sable violet yarrow birch ember harbor kestrel nova, item 1312"
1313,nova quartz,8680,"nova quartz tidal willow zephyr cedar fable iris lumen onyx river umber, item 1313"
1314,umber xenon,8717,"umber xenon amber delta glade juniper maple pine sable violet yarrow birch, item 1314"
1315,birch ember,8754,"birch ember harbor kestrel nova quartz tidal willow zephyr cedar fable iris, item 1315"
1316,iris lumen,8791,"iris lumen onyx river umber xenon amber delta glade juniper maple pine, item 1316"
1317,pine sable,8828,"pine sable violet yarrow birch ember harbor kestrel nova quartz tidal willow, item 1317"
1318,willow zephyr,8865,"willow zephyr cedar fable iris lumen onyx river umber xenon amber delta, item 1318"
1319,delta glade,8902,"delta glade juniper maple pine sable violet yarrow birch ember harbor kestrel, item 1319"
1320,kestrel nova,8939,"kestrel nova quartz tidal willow zephyr cedar fable iris lumen onyx river, item 1320"
1321,river umber,8976,"river umber xenon amber delta glade juniper maple pine sable violet yarrow, item 1321"
1322,yarrow birch,9013,"yarrow birch ember harbor kestrel nova quartz tidal willow zephyr cedar fable, item 1322"
1323,fable iris,9050,"fable iris lumen onyx river umber xenon amber delta glade juniper maple, item 1323"
1324,maple pine,9087,"maple pine sable violet yarrow birch ember harbor kestrel nova quartz tidal, item 1324"
1325,tidal willow,9124,"tidal willow zephyr cedar fable iris lumen onyx river umber xenon amber, item 1325"
1326,amber delta,9161,"amber delta glade juniper maple pine sable violet yarrow birch ember harbor, item 1326"
1327,harbor kestrel,9198,"harbor kestrel nova quartz tidal willow zephyr cedar fable iris lumen onyx, item 1327"
1328,onyx river,9235,"onyx river umber xenon amber delta glade juniper maple pine sable violet, item 1328"
1329,violet yarrow,9272,"violet yarrow birch ember harbor kestrel nova quartz tidal willow zephyr cedar, item 1329"
1330,cedar fable,9309,"cedar fable iris lumen onyx river umber xenon amber delta glade juniper, item 1330"
1331,juniper maple,9346,"juniper maple pine sable violet yarrow birch ember harbor kestrel nova quartz, item 1331"
1332,quartz tidal,9383,"quartz tidal willow zephyr cedar fable iris lumen onyx river umber xenon, item 1332"
1333,xenon amber,9420,"xenon amber delta glade juniper maple pine sable violet yarrow birch ember, item 1333"
1334,ember harbor,9457,"ember harbor kestrel nova quartz tidal willow zephyr cedar fable iris lumen, item 1334"
1335,lumen onyx,9494,"lumen onyx river umber xenon amber delta glade juniper maple pine sable, item 1335"
1336,sable violet,9531,"sable violet yarrow birch ember harbor kestrel nova quartz tidal willow zephyr, item 1336"
1337,zephyr cedar,9568,"zephyr cedar fable iris lumen onyx river umber xenon amber delta glade, item 1337"
1338,glade juniper,9605,"glade juniper maple pine sable violet yarrow birch ember harbor kestrel nova, item 1338"
1339,nova quartz,9642,"nova quartz tidal willow zephyr cedar fable iris lumen onyx river umber, item 1339"
1340,umber xenon,9679,"umber xenon amber delta glade juniper maple pine sable violet yarrow birch, item 1340"
1341,birch ember,9716,"birch ember harbor kestrel nova quartz tidal willow zephyr cedar fable iris, item 1341"
1342,iris lumen,9753,"iris lumen onyx river umber xenon amber delta glade juniper maple pine, item 1342"
1343,pine sable,9790,"pine sable violet yarrow birch ember harbor kestrel nova quartz tidal willow, item 1343"
1344,willow zephyr,9827,"willow zephyr cedar fable iris lumen onyx river umber xenon amber delta, item 1344"
1345,delta glade,9864,"delta glade juniper maple pine sable violet yarrow birch ember harbor kestrel, item 1345"
1346,kestrel nova,9901,"kestrel nova quartz tidal willow zephyr cedar fable iris lumen onyx river, item 1346"
1347,river umber,9938,"river umber xenon amber delta glade juniper maple pine sable violet yarrow, item 1347"
1348,yarrow birch,9975,"yarrow birch ember harbor kestrel nova quartz tidal willow zephyr cedar fable, item 1348"
1349,fable iris,10012,"fable iris lumen onyx river umber xenon amber delta glade juniper maple, item 1349"
1350,maple pine,10049,"maple pine sable violet yarrow birch ember harbor kestrel nova quartz tidal, item 1350"
1351,tidal willow,10086,"tidal willow zephyr cedar fable iris lumen onyx river umber xenon amber, item 1351"
1352,amber delta,123,"amber delta glade juniper maple pine sable violet yarrow birch ember harbor, item 1352"
1353,harbor kestrel,160,"harbor kestrel nova quartz tidal willow zephyr cedar fable iris lumen onyx, item 1353"
1354,onyx river,197,"onyx river umber xenon amber delta glade juniper maple pine sable violet, item 1354"
1355,violet yarrow,234,"violet yarrow birch ember harbor kestrel nova quartz tidal willow zephyr cedar, item 1355"
1356,cedar fable,271,"cedar fable iris lumen onyx river umber xenon amber delta glade juniper, item 1356"
1357,juniper maple,308,"juniper maple pine sable violet yarrow birch ember harbor kestrel nova quartz, item 1357"
1358,quartz tidal,345,"quartz tidal willow zephyr cedar fable iris lumen onyx river umber xenon, item 1358"
1359,xenon amber,382,"xenon amber delta glade juniper maple pine sable violet yarrow birch ember, item 1359"
1360,ember harbor,419,"ember harbor kestrel nova quartz tidal willow zephyr cedar fable iris lumen, item 1360"
1361,lumen onyx,456,"lumen onyx river umber xenon amber delta glade juniper maple pine sable, item 1361"
1362,sable violet,493,"sable violet yarrow birch ember harbor kestrel nova quartz tidal willow zephyr, item 1362"
1363,zephyr cedar,530,"zephyr cedar fable iris lumen onyx river umber xenon amber delta glade, item 1363"
1364,glade juniper,567,"glade juniper maple pine sable violet yarrow birch ember harbor kestrel nova, item 1364"
1365,nova quartz,604,"nova quartz tidal willow zephyr cedar fable iris lumen onyx river umber, item 1365"
1366,umber xenon,641,"umber xenon amber delta glade juniper maple pine sable violet yarrow birch, item 1366"
1367,birch ember,678,"birch ember harbor kestrel nova quartz tidal willow zephyr cedar fable iris, item 1367"
1368,iris lumen,715,"iris lumen onyx river umber xenon amber delta glade juniper maple pine, item 1368"
1369,pine sable,752,"pine sable violet yarrow birch ember harbor kestrel nova quartz tidal willow, item 1369"
1370,willow zephyr,789,"willow zephyr cedar fable iris lumen onyx river umber xenon amber delta, item 1370"
1371,delta glade,826,"delta glade juniper maple pine sable violet yarrow birch ember harbor kestrel, item 1371"
1372,kestrel nova,863,"kestrel nova quartz tidal willow zephyr cedar fable iris lumen onyx river, item 1372"
1373,river umber,900,"river umber xenon amber delta glade juniper maple pine sable violet yarrow, item 1373"
1374,yarrow birch,937,"yarrow birch ember harbor kestrel nova quartz tidal willow zephyr cedar fable, item 1374"
1375,fable iris,974,"fable iris lumen onyx river umber xenon amber delta glade juniper maple, item 1375"
1376,maple pine,1011,"maple pine sable violet yarrow birch ember harbor kestrel nova quartz tidal, item 1376"
1377,tidal willow,1048,"tidal willow zephyr cedar fable iris lumen onyx river umber xenon amber, item 1377"
1378,amber delta,1085,"amber delta glade juniper maple pine sable violet yarrow birch ember harbor, item 1378"
1379,harbor kestrel,1122,"harbor kestrel nova quartz tidal willow zephyr cedar fable iris lumen onyx, item 1379"
1380,onyx river,1159,"onyx river umber xenon amber delta glade juniper maple pine sable violet, item 1380"
1381,violet yarrow,1196,"violet yarrow birch ember harbor kestrel nova quartz tidal willow zephyr cedar, item 1381"
1382,cedar fable,1233,"cedar fable iris lumen onyx river umber xenon amber delta glade juniper, item 1382"
1383,juniper maple,1270,"juniper maple pine sable violet yarrow birch ember harbor kestrel nova quartz, item 1383"
1384,quartz tidal,1307,"quartz tidal willow zephyr cedar fable iris lumen onyx river umber xenon, item 1384"
1385,xenon amber,1344,"xenon amber delta glade juniper maple pine sable violet yarrow birch ember, item 1385"
1386,ember harbor,1381,"ember harbor kestrel nova quartz tidal willow zephyr cedar fable iris lumen, item 1386"
1387,lumen onyx,1418,"lumen onyx river umber xenon amber delta glade juniper maple pine sable, item 1387"
1388,sable violet,1455,"sable violet yarrow birch ember harbor kestrel nova quartz tidal willow zephyr, item 1388"
1389,zephyr cedar,1492,"zephyr cedar fable iris lumen onyx river umber xenon amber delta glade, item 1389"
1390,glade juniper,1529,"glade juniper maple pine sable violet yarrow birch ember harbor kestrel nova, item 1390"
1391,nova quartz,1566,"nova quartz tidal willow zephyr cedar fable iris lumen onyx river umber, item 1391"
1392,umber xenon,1603,"umber xenon amber delta glade juniper maple pine sable violet yarrow birch, item 1392"
1393,birch ember,1640,"birch ember harbor kestrel nova quartz tidal willow zephyr cedar fable iris, item 1393"
1394,iris lumen,1677,"iris lumen onyx river umber xenon amber delta glade juniper maple pine, item 1394"
1395,pine sable,1714,"pine sable violet yarrow birch ember harbor kestrel nova quartz tidal willow, item 1395"
1396,willow zephyr,1751,"willow zephyr cedar fable iris lumen onyx river umber xenon amber delta, item 1396"
1397,delta glade,1788,"delta glade juniper maple pine sable violet yarrow birch ember harbor kestrel, item 1397"
1398,kestrel nova,1825,"kestrel nova quartz tidal willow zephyr cedar fable iris lumen onyx river, item 1398"
1399,river umber,1862,"river umber xenon amber delta glade juniper maple pine sable violet yarrow, item 1399"
1400,yarrow birch,1899,"yarrow birch ember harbor kestrel nova quartz tidal willow zephyr cedar fable, item 1400"
1401,fable iris,1936,"fable iris lumen onyx river umber xenon amber delta glade juniper maple, item 1401"
1402,maple pine,1973,"maple pine sable violet yarrow birch ember harbor kestrel nova quartz tidal, item 1402"
1403,tidal willow,2010,"tidal willow zephyr cedar fable iris lumen onyx river umber xenon amber, item 1403"
1404,amber delta,2047,"amber delta glade juniper maple pine sable violet yarrow birch ember harbor, item 1404"
1405,harbor kestrel,2084,"harbor kestrel nova quartz tidal willow zephyr cedar fable iris lumen onyx, item 1405"
1406,onyx river,2121,"onyx river umber xenon amber delta glade juniper maple pine sable violet, item 1406"
1407,violet yarrow,2158,"violet yarrow birch ember harbor kestrel nova quartz tidal willow zephyr cedar, item 1407"
1408,cedar fable,2195,"cedar fable iris lumen onyx river umber xenon amber delta glade juniper, item 1408"
1409,juniper maple,2232,"juniper maple pine sable violet yarrow birch ember harbor kestrel nova quartz, item 1409"
1410,quartz tidal,2269,"quartz tidal willow zephyr cedar fable iris lumen onyx river umber xenon, item 1410"
1411,xenon amber,2306,"xenon amber delta glade juniper maple pine sable violet yarrow birch ember, item 1411"
1412,ember harbor,2343,"ember harbor kestrel nova quartz tidal willow zephyr cedar fable iris lumen, item 1412"
1413,lumen onyx,2380,"lumen onyx river umber xenon amber delta glade juniper maple pine sable, item 1413"
1414,sable violet,2417,"sable violet yarrow birch ember harbor kestrel nova quartz tidal willow zephyr, item 1414"
1415,zephyr cedar,2454,"zephyr cedar fable iris lumen onyx river umber xenon amber delta glade, item 1415"
1416,glade juniper,2491,"glade juniper maple pine sable violet yarrow birch ember harbor kestrel nova, item 1416"
1417,nova quartz,2528,"nova quartz tidal willow zephyr cedar fable iris lumen onyx river umber, item 1417"
1418,umber xenon,2565,"umber xenon amber delta glade juniper maple pine sable violet yarrow birch, item 1418"
1419,birch ember,2602,"birch ember harbor kestrel nova quartz tidal willow zephyr cedar fable iris, item 1419"
1420,iris lumen,2639,"iris lumen onyx river umber xenon amber delta glade juniper maple pine, item 1420"
1421,pine sable,2676,"pine sable violet yarrow birch ember harbor kestrel nova quartz tidal willow, item 1421"
1422,willow zephyr,2713,"willow zephyr cedar fable iris lumen onyx river umber xenon amber delta, item 1422"
1423,delta glade,2750,"delta glade juniper maple pine sable violet yarrow birch ember harbor kestrel, item 1423"
1424,kestrel nova,2787,"kestrel nova quartz tidal willow zephyr cedar fable iris lumen onyx river, item 1424"
1425,river umber,2824,"river umber xenon amber delta glade juniper maple pine sable violet yarrow, item 1425"
1426,yarrow birch,2861,"yarrow birch ember harbor kestrel nova quartz tidal willow zephyr cedar fable, item 1426"
1427,fable iris,2898,"fable iris lumen onyx river umber xenon amber delta glade juniper maple, item 1427"
1428,maple pine,2935,"maple pine sable violet yarrow birch ember harbor kestrel nova quartz tidal, item 1428"
1429,tidal willow,2972,"tidal willow zephyr cedar fable iris lumen onyx river umber xenon amber, item 1429"
1430,amber delta,3009,"amber delta glade juniper maple pine sable violet yarrow birch ember harbor, item 1430"
1431,harbor kestrel,3046,"harbor kestrel nova quartz tidal willow zephyr cedar fable iris lumen onyx, item 1431"
1432,onyx river,3083,"onyx river umber xenon amber delta glade juniper maple pine sable violet, item 1432"
1433,violet yarrow,3120,"violet yarrow birch ember harbor kestrel nova quartz tidal willow zephyr cedar, item 1433"
1434,cedar fable,3157,"cedar fable iris lumen onyx river umber xenon amber delta glade juniper, item 1434"
1435,juniper maple,3194,"juniper maple pine sable violet yarrow birch ember harbor kestrel nova quartz, item 1435"
1436,quartz tidal,3231,"quartz tidal willow zephyr cedar fable iris lumen onyx river umber xenon, item 1436"
1437,xenon amber,3268,"xenon amber delta glade juniper maple pine sable violet yarrow birch ember, item 1437"
1438,ember harbor,3305,"ember harbor kestrel nova quartz tidal willow zephyr cedar fable iris lumen, item 1438"
1439,lumen onyx,3342,"lumen onyx river umber xenon amber delta glade juniper maple pine sable, item 1439"
1440,sable violet,3379,"sable violet yarrow birch ember harbor kestrel nova quartz tidal willow zephyr, item 1440"
1441,zephyr cedar,3416,"zephyr cedar fable iris lumen onyx river umber xenon amber delta glade, item 1441"
1442,glade juniper,3453,"glade juniper maple pine sable violet yarrow birch ember harbor kestrel nova, item 1442"
1443,nova quartz,3490,"nova quartz tidal willow zephyr cedar fable iris lumen onyx river umber, item 1443"
1444,umber xenon,3527,"umber xenon amber delta glade juniper maple pine sable violet yarrow birch, item 1444"
1445,birch ember,3564,"birch ember harbor kestrel nova quartz tidal willow zephyr cedar fable iris, item 1445"
1446,iris lumen,3601,"iris lumen onyx river umber xenon amber delta glade juniper maple pine, item 1446"
1447,pine sable,3638,"pine sable violet yarrow birch ember harbor kestrel nova quartz tidal willow, item 1447"
1448,willow zephyr,3675,"willow zephyr cedar fable iris lumen onyx river umber xenon amber delta, item 1448"
1449,delta glade,3712,"delta glade juniper maple pine sable violet yarrow birch ember harbor kestrel, item 1449"
1450,kestrel nova,3749,"kestrel nova quartz tidal willow zephyr cedar fable iris lumen onyx river, item 1450"
1451,river umber,3786,"river umber xenon amber delta glade juniper maple pine sable violet yarrow, item 1451"
1452,yarrow birch,3823,"yarrow birch ember harbor kestrel nova quartz tidal willow zephyr cedar fable, item 1452"
1453,fable iris,3860,"fable iris lumen onyx river umber xenon amber delta glade juniper maple, item 1453"
1454,maple pine,3897,"maple pine sable violet yarrow birch ember harbor kestrel nova quartz tidal, item 1454"
1455,tidal willow,3934,"tidal willow zephyr cedar fable iris lumen onyx river umber xenon amber, item 1455"
1456,amber delta,3971,"amber delta glade juniper maple pine sable violet yarrow birch ember harbor, item 1456"
1457,harbor kestrel,4008,"harbor kestrel nova quartz tidal willow zephyr cedar fable iris lumen onyx, item 1457"
1458,onyx river,4045,"onyx river umber xenon amber delta glade juniper maple pine sable violet, item 1458"
1459,violet yarrow,4082,"violet yarrow birch ember harbor kestrel nova quartz tidal willow zephyr cedar, item 1459"
1460,cedar fable,4119,"cedar fable iris lumen onyx river umber xenon amber delta glade juniper, item 1460"
1461,juniper maple,4156,"juniper maple pine sable violet yarrow birch ember harbor kestrel nova quartz, item 1461"
1462,quartz tidal,4193,"quartz tidal willow zephyr cedar fable iris lumen onyx river umber xenon, item 1462"
1463,xenon amber,4230,"xenon amber delta glade juniper maple pine sable violet yarrow birch ember, item 1463"
1464,ember harbor,4267,"ember harbor kestrel nova quartz tidal willow zephyr cedar fable iris lumen, item 1464"
1465,lumen onyx,4304,"lumen onyx river umber xenon amber delta glade juniper maple pine sable, item 1465"
1466,sable violet,4341,"sable violet yarrow birch ember harbor kestrel nova quartz tidal willow zephyr, item 1466"
1467,zephyr cedar,4378,"zephyr cedar fable iris lumen onyx river umber xenon amber delta glade, item 1467"
1468,glade juniper,4415,"glade juniper maple pine sable violet yarrow birch ember harbor kestrel nova, item 1468"
1469,nova quartz,4452,"nova quartz tidal willow zephyr cedar fable iris lumen onyx river umber, item 1469"
1470,umber xenon,4489,"umber xenon amber delta glade juniper maple pine sable violet yarrow birch, item 1470"
1471,birch ember,4526,"birch ember harbor kestrel nova quartz tidal willow zephyr cedar fable iris, item 1471"
1472,iris lumen,4563,"iris lumen onyx river umber xenon amber delta glade juniper maple pine, item 1472"
1473,pine sable,4600,"pine sable violet yarrow birch ember harbor kestrel nova quartz tidal willow, item 1473"
1474,willow zephyr,4637,"willow zephyr cedar fable iris lumen onyx river umber xenon amber delta, item 1474"
1475,delta glade,4674,"delta glade juniper maple pine sable violet yarrow birch ember harbor kestrel, item 1475"
1476,kestrel nova,4711,"kestrel nova quartz tidal willow zephyr cedar fable iris lumen onyx river, item 1476"
1477,river umber,4748,"river umber xenon amber delta glade juniper maple pine sable violet yarrow, item 1477"
1478,yarrow birch,4785,"yarrow birch ember harbor kestrel nova quartz tidal willow zephyr cedar fable, item 1478"
1479,fable iris,4822,"fable iris lumen onyx river umber xenon amber delta glade juniper maple, item 1479"
1480,maple pine,4859,"maple pine sable violet yarrow birch ember harbor kestrel nova quartz tidal, item 1480"
1481,tidal willow,4896,"tidal willow zephyr cedar fable iris lumen onyx river umber xenon amber, item 1481"
1482,amber delta,4933,"amber delta glade juniper maple pine sable violet yarrow birch ember harbor, item 1482"
1483,harbor kestrel,4970,"harbor kestrel nova quartz tidal willow zephyr cedar fable iris lumen onyx, item 1483"
1484,onyx river,5007,"onyx river umber xenon amber delta glade juniper maple pine sable violet, item 1484"
1485,violet yarrow,5044,"violet yarrow birch ember harbor kestrel nova quartz tidal willow zephyr cedar, item 1485"
1486,cedar fable,5081,"cedar fable iris lumen onyx river umber xenon amber delta glade juniper, item 1486"
1487,juniper maple,5118,"juniper maple pine sable violet yarrow birch ember harbor kestrel nova quartz, item 1487"
1488,quartz tidal,5155,"quartz tidal willow zephyr cedar fable iris lumen onyx river umber xenon, item 1488"
1489,xenon amber,5192,"xenon amber delta glade juniper maple pine sable violet yarrow birch ember, item 1489"
1490,ember harbor,5229,"ember harbor kestrel nova quartz tidal willow zephyr cedar fable iris lumen, item 1490"
1491,lumen onyx,5266,"lumen onyx river umber xenon amber delta glade juniper maple pine sable, item 1491"
1492,sable violet,5303,"sable violet yarrow birch ember harbor kestrel nova quartz tidal willow zephyr, item 1492"
1493,zephyr cedar,5340,"zephyr cedar fable iris lumen onyx river umber xenon amber delta glade, item 1493"
1494,glade juniper,5377,"glade juniper maple pine sable violet yarrow birch ember harbor kestrel nova, item 1494"
1495,nova quartz,5414,"nova quartz tidal willow zephyr cedar fable iris lumen onyx river umber, item 1495"
1496,umber xenon,5451,"umber xenon amber delta glade juniper maple pine sable violet yarrow birch, item 1496"
1497,birch ember,5488,"birch ember harbor kestrel nova quartz tidal willow zephyr cedar fable iris, item 1497"
1498,iris lumen,5525,"iris lumen onyx river umber xenon amber delta glade juniper maple pine, item 1498"
1499,pine sable,5562,"pine sable violet yarrow birch ember harbor kestrel nova quartz tidal willow, item 1499"
1500,willow zephyr,5599,"willow zephyr cedar fable iris lumen onyx river umber xenon amber delta, item 1500"
1501,delta glade,5636,"delta glade juniper maple pine sable violet yarrow birch ember harbor kestrel, item 1501"
1502,kestrel nova,5673,"kestrel nova quartz tidal willow zephyr cedar fable iris lumen onyx river, item 1502"
1503,river umber,5710,"river umber xenon amber delta glade juniper maple pine sable violet yarrow, item 1503"
1504,yarrow birch,5747,"yarrow birch ember harbor kestrel nova quartz tidal willow zephyr cedar fable, item 1504"
1505,fable iris,5784,"fable iris lumen onyx river umber xenon amber delta glade juniper maple, item 1505"
1506,maple pine,5821,"maple pine sable violet yarrow birch ember harbor kestrel nova quartz tidal, item 1506"
1507,tidal willow,5858,"tidal willow zephyr cedar fable iris lumen onyx river umber xenon amber, item 1507"
1508,amber delta,5895,"amber delta glade juniper maple pine sable violet yarrow birch ember harbor, item 1508"
1509,harbor kestrel,5932,"harbor kestrel nova quartz tidal willow zephyr cedar fable iris lumen onyx, item 1509"
1510,onyx river,5969,"onyx river umber xenon amber delta glade juniper maple pine sable violet, item 1510"
1511,violet yarrow,6006,"violet yarrow birch ember harbor kestrel nova quartz tidal willow zephyr cedar, item 1511"
1512,cedar fable,6043,"cedar fable iris lumen onyx river umber xenon amber delta glade juniper, item 1512"
1513,juniper maple,6080,"juniper maple pine sable violet yarrow birch ember harbor kestrel nova quartz, item 1513"
1514,quartz tidal,6117,"quartz tidal willow zephyr cedar fable iris lumen onyx river umber xenon, item 1514"
1515,xenon amber,6154,"xenon amber delta glade juniper maple pine sable violet yarrow birch ember, item 1515"
1516,ember harbor,6191,"ember harbor kestrel nova quartz tidal willow zephyr cedar fable iris lumen, item 1516"
1517,lumen onyx,6228,"lumen onyx river umber xenon amber delta glade juniper maple pine sable, item 1517"
1518,sable violet,6265,"sable violet yarrow birch ember harbor kestrel nova quartz tidal willow zephyr, item 1518"
1519,zephyr cedar,6302,"zephyr cedar fable iris lumen onyx river umber xenon amber delta glade, item 1519"
1520,glade juniper,6339,"glade juniper maple pine sable violet yarrow birch ember harbor kestrel nova, item 1520"
1521,nova quartz,6376,"nova quartz tidal willow zephyr cedar fable iris lumen onyx river umber, item 1521"
1522,umber xenon,6413,"umber xenon amber delta glade juniper maple pine sable violet yarrow birch, item 1522"
1523,birch ember,6450,"birch ember harbor kestrel nova quartz tidal willow zephyr cedar fable iris, item 1523"
1524,iris lumen,6487,"iris lumen onyx river umber xenon amber delta glade juniper maple pine, item 1524"
1525,pine sable,6524,"pine sable violet yarrow birch ember harbor kestrel nova quartz tidal willow, item 1525"
1526,willow zephyr,6561,"willow zephyr cedar fable iris lumen onyx river umber xenon amber delta, item 1526"
1527,delta glade,6598,"delta glade juniper maple pine sable violet yarrow birch ember harbor kestrel, item 1527"
1528,kestrel nova,6635,"kestrel nova quartz tidal willow zephyr cedar fable iris lumen onyx river, item 1528"
1529,river umber,6672,"river umber xenon amber delta glade juniper maple pine sable violet yarrow, item 1529"
1530,yarrow birch,6709,"yarrow birch ember harbor kestrel nova quartz tidal willow zephyr cedar fable, item 1530"
1531,fable iris,6746,"fable iris lumen onyx river umber xenon amber delta glade juniper maple, item 1531"
1532,maple pine,6783,"maple pine sable violet yarrow birch ember harbor kestrel nova quartz tidal, item 1532"
1533,tidal willow,6820,"tidal willow zephyr cedar fable iris lumen onyx river umber xenon amber, item 1533"
1534,amber delta,6857,"amber delta glade juniper maple pine sable violet yarrow birch ember harbor, item 1534"
1535,harbor kestrel,6894,"harbor kestrel nova quartz tidal willow zephyr cedar fable iris lumen onyx, item 1535"
1536,onyx river,6931,"onyx river umber xenon amber delta glade juniper maple pine sable violet, item 1536"
1537,violet yarrow,6968,"violet yarrow birch ember harbor kestrel nova quartz tidal willow zephyr cedar, item 1537"
1538,cedar fable,7005,"cedar fable iris lumen onyx river umber xenon amber delta glade juniper, item 1538"
1539,juniper maple,7042,"juniper maple pine sable violet yarrow birch ember harbor kestrel nova quartz, item 1539"
1540,quartz tidal,7079,"quartz tidal willow zephyr cedar fable iris lumen onyx river umber xenon, item 1540"
1541,xenon amber,7116,"xenon amber delta glade juniper maple pine sable violet yarrow birch ember, item 1541"
1542,ember harbor,7153,"ember harbor kestrel nova quartz tidal willow zephyr cedar fable iris lumen, item 1542"
1543,lumen onyx,7190,"lumen onyx river umber xenon amber delta glade juniper maple pine sable, item 1543"
1544,sable violet,7227,"sable violet yarrow birch ember harbor kestrel nova quartz tidal willow zephyr, item 1544"
1545,zephyr cedar,7264,"zephyr cedar fable iris lumen onyx river umber xenon amber delta glade, item 1545"
1546,glade juniper,7301,"glade juniper maple pine sable violet yarrow birch ember harbor kestrel nova, item 1546"
1547,nova quartz,7338,"nova quartz tidal willow zephyr cedar fable iris lumen onyx river umber, item 1547"
1548,umber xenon,7375,"umber xenon amber delta glade juniper maple pine sable violet yarrow birch, item 1548"
1549,birch ember,7412,"birch ember harbor kestrel nova quartz tidal willow zephyr cedar fable iris, item 1549"
1550,iris lumen,7449,"iris lumen onyx river umber xenon amber delta glade juniper maple pine, item 1550"
1551,pine sable,7486,"pine sable violet yarrow birch ember harbor kestrel nova quartz tidal willow, item 1551"
1552,willow zephyr,7523,"willow zephyr cedar fable iris lumen onyx river umber xenon amber delta, item 1552"
1553,delta glade,7560,"delta glade juniper maple pine sable violet yarrow birch ember harbor kestrel, item 1553"
1554,kestrel nova,7597,"kestrel nova quartz tidal willow zephyr cedar fable iris lumen onyx river, item 1554"
1555,river umber,7634,"river umber xenon amber delta glade juniper maple pine sable violet yarrow, item 1555"
1556,yarrow birch,7671,"yarrow birch ember harbor kestrel nova quartz tidal willow zephyr cedar fable, item 1556"
1557,fable iris,7708,"fable iris lumen onyx river umber xenon amber delta glade juniper maple, item 1557"
1558,maple pine,7745,"maple pine sable violet yarrow birch ember harbor kestrel nova quartz tidal, item 1558"
1559,tidal willow,7782,"tidal willow zephyr cedar fable iris lumen onyx river umber xenon amber, item 1559"
1560,amber delta,7819,"amber delta glade juniper maple pine sable violet yarrow birch ember harbor, item 1560"
1561,harbor kestrel,7856,"harbor kestrel nova quartz tidal willow zephyr cedar fable iris lumen onyx, item 1561"
1562,onyx river,7893,"onyx river umber xenon amber delta glade juniper maple pine sable violet, item 1562"
1563,violet yarrow,7930,"violet yarrow birch ember harbor kestrel nova quartz tidal willow zephyr cedar, item 1563"
1564,cedar fable,7967,"cedar fable iris lumen onyx river umber xenon amber delta glade juniper, item 1564"
1565,juniper maple,8004,"juniper maple pine sable violet yarrow birch ember harbor kestrel nova quartz, item 1565"
1566,quartz tidal,8041,"quartz tidal willow zephyr cedar fable iris lumen onyx river umber xenon, item 1566"
1567,xenon amber,8078,"xenon amber delta glade juniper maple pine sable violet yarrow birch ember, item 1567"
1568,ember harbor,8115,"ember harbor kestrel nova quartz tidal willow zephyr cedar fable iris lumen, item 1568"
1569,lumen onyx,8152,"lumen onyx river umber xenon amber delta glade juniper maple pine sable, item 1569"
1570,sable violet,8189,"sable violet yarrow birch ember harbor kestrel nova quartz tidal willow zephyr, item 1570"
1571,zephyr cedar,8226,"zephyr cedar fable iris lumen onyx river umber xenon amber delta glade, item 1571"
1572,glade juniper,8263,"glade juniper maple pine sable violet yarrow birch ember harbor kestrel nova, item 1572"
1573,nova quartz,8300,"nova quartz tidal willow zephyr cedar fable iris lumen onyx river umber, item 1573"
1574,umber xenon,8337,"umber xenon amber delta glade juniper maple pine sable violet yarrow birch, item 1574"
1575,birch ember,8374,"birch ember harbor kestrel nova quartz tidal willow zephyr cedar fable iris, item 1575"
1576,iris lumen,8411,"iris lumen onyx river umber xenon amber delta glade juniper maple pine, item 1576"
1577,pine sable,8448,"pine sable violet yarrow birch ember harbor kestrel nova quartz tidal willow, item 1577"
1578,willow zephyr,8485,"willow zephyr cedar fable iris lumen onyx river umber xenon amber delta, item 1578"
1579,delta glade,8522,"delta glade juniper maple pine sable violet yarrow birch ember harbor kestrel, item 1579"
1580,kestrel nova,8559,"kestrel nova quartz tidal willow zephyr cedar fable iris lumen onyx river, item 1580"
1581,river umber,8596,"river umber xenon amber delta glade juniper maple pine sable violet yarrow, item 1581"
1582,yarrow birch,8633,"yarrow birch ember harbor kestrel nova quartz tidal willow zephyr cedar fable, item 1582"
1583,fable iris,8670,"fable iris lumen onyx river umber xenon amber delta glade juniper maple, item 1583"
1584,maple pine,8707,"maple pine sable violet yarrow birch ember harbor kestrel nova quartz tidal, item 1584"
1585,tidal willow,8744,"tidal willow zephyr cedar fable iris lumen onyx river umber xenon amber, item 1585"
1586,amber delta,8781,"amber delta glade juniper maple pine sable violet yarrow birch ember harbor, item 1586"
1587,harbor kestrel,8818,"harbor kestrel nova quartz tidal willow zephyr cedar fable iris lumen onyx, item 1587"
1588,onyx river,8855,"onyx river umber xenon amber delta glade juniper maple pine sable violet, item 1588"
1589,violet yarrow,8892,"violet yarrow birch ember harbor kestrel nova quartz tidal willow zephyr cedar, item 1589"
1590,cedar fable,8929,"cedar fable iris lumen onyx river umber xenon amber delta glade juniper, item 1590"
1591,juniper maple,8966,"juniper maple pine sable violet yarrow birch ember harbor kestrel nova quartz, item 1591"
1592,quartz tidal,9003,"quartz tidal willow zephyr cedar fable iris lumen onyx river umber xenon, item 1592"
1593,xenon amber,9040,"xenon amber delta glade juniper maple pine sable violet yarrow birch ember, item 1593"
1594,ember harbor,9077,"ember harbor kestrel nova quartz tidal willow zephyr cedar fable iris lumen, item 1594"
1595,lumen onyx,9114,"lumen onyx river umber xenon amber delta glade juniper maple pine sable, item 1595"
1596,sable violet,9151,"sable violet yarrow birch ember harbor kestrel nova quartz tidal willow zephyr, item 1596"
1597,zephyr cedar,9188,"zephyr cedar fable iris lumen onyx river umber xenon amber delta glade, item 1597"
1598,glade juniper,9225,"glade juniper maple pine sable violet yarrow birch ember harbor kestrel nova, item 1598"
1599,nova quartz,9262,"nova quartz tidal willow zephyr cedar fable iris lumen onyx river umber, item 1599"
1600,umber xenon,9299,"umber xenon amber delta glade juniper maple pine sable violet yarrow birch, item 1600"
1601,birch ember,9336,"birch ember harbor kestrel nova quartz tidal willow zephyr cedar fable iris, item 1601"
1602,iris lumen,9373,"iris lumen onyx river umber xenon amber delta glade juniper maple pine, item 1602"
1603,pine sable,9410,"pine sable violet yarrow birch ember harbor kestrel nova quartz tidal willow, item 1603"
1604,willow zephyr,9447,"willow zephyr cedar fable iris lumen onyx river umber xenon amber delta, item 1604"
1605,delta glade,9484,"delta glade juniper maple pine sable violet yarrow birch ember harbor kestrel, item 1605"
1606,kestrel nova,9521,"kestrel nova quartz tidal willow zephyr cedar fable iris lumen onyx river, item 1606"
1607,river umber,9558,"river umber xenon amber delta glade juniper maple pine sable violet yarrow, item 1607"
1608,yarrow birch,9595,"yarrow birch ember harbor kestrel nova quartz tidal willow zephyr cedar fable, item 1608"
1609,fable iris,9632,"fable iris lumen onyx river umber xenon amber delta glade juniper maple, item 1609"
1610,maple pine,9669,"maple pine sable violet yarrow birch ember harbor kestrel nova quartz tidal, item 1610"
1611,tidal willow,9706,"tidal willow zephyr cedar fable iris lumen onyx river umber xenon amber, item 1611"
1612,amber delta,9743,"amber delta glade juniper maple pine sable violet yarrow birch ember harbor, item 1612"
1613,harbor kestrel,9780,"harbor kestrel nova quartz tidal willow zephyr cedar fable iris lumen onyx, item 1613"
1614,onyx river,9817,"onyx river umber xenon amber delta glade juniper maple pine sable violet, item 1614"
1615,violet yarrow,9854,"violet yarrow birch ember harbor kestrel nova quartz tidal willow zephyr cedar, item 1615"
1616,cedar fable,9891,"cedar fable iris lumen onyx river umber xenon amber delta glade juniper, item 1616"
1617,juniper maple,9928,"juniper maple pine sable violet yarrow birch ember harbor kestrel nova quartz, item 1617"
1618,quartz tidal,9965,"quartz tidal willow zephyr cedar fable iris lumen onyx river umber xenon, item 1618"
1619,xenon amber,10002,"xenon amber delta glade juniper maple pine sable violet yarrow birch ember, item 1619"
1620,ember harbor,10039,"ember harbor kestrel nova quartz tidal willow zephyr cedar fable iris lumen, item 1620"
1621,lumen onyx,10076,"lumen onyx river umber xenon amber delta glade juniper maple pine sable, item 1621"
1622,sable violet,113,"sable violet yarrow birch ember harbor kestrel nova quartz tidal willow zephyr, item 1622"
1623,zephyr cedar,150,"zephyr cedar fable iris lumen onyx river umber xenon amber delta glade, item 1623"
1624,glade juniper,187,"glade juniper maple pine sable violet yarrow birch ember harbor kestrel nova, item 1624"
1625,nova quartz,224,"nova quartz tidal willow zephyr cedar fable iris lumen onyx river umber, item 1625"
1626,umber xenon,261,"umber xenon amber delta glade juniper maple pine sable violet yarrow birch, item 1626"
1627,birch ember,298,"birch ember harbor kestrel nova quartz tidal willow zephyr cedar fable iris, item 1627"
1628,iris lumen,335,"iris lumen onyx river umber xenon amber delta glade juniper maple pine, item 1628"
1629,pine sable,372,"pine sable violet yarrow birch ember harbor kestrel nova quartz tidal willow, item 1629"
1630,willow zephyr,409,"willow zephyr cedar fable iris lumen onyx river umber xenon amber delta, item 1630"
1631,delta glade,446,"delta glade juniper maple pine sable violet yarrow birch ember harbor kestrel, item 1631"
1632,kestrel nova,483,"kestrel nova quartz tidal willow zephyr cedar fable iris lumen onyx river, item 1632"
1633,river umber,520,"river umber xenon amber delta glade juniper maple pine sable violet yarrow, item 1633"
1634,yarrow birch,557,"yarrow birch ember harbor kestrel nova quartz tidal willow zephyr cedar fable, item 1634"
1635,fable iris,594,"fable iris lumen onyx river umber xenon amber delta glade juniper maple, item 1635"
1636,maple pine,631,"maple pine sable violet yarrow birch ember harbor kestrel nova quartz tidal, item 1636"
1637,tidal willow,668,"tidal willow zephyr cedar fable iris lumen onyx river umber xenon amber, item 1637"
1638,amber delta,705,"amber delta glade juniper maple pine sable violet yarrow birch ember harbor, item 1638"
1639,harbor kestrel,742,"harbor kestrel nova quartz tidal willow zephyr cedar fable iris lumen onyx, item 1639"
1640,onyx river,779,"onyx river umber xenon amber delta glade juniper maple pine sable violet, item 1640"
1641,violet yarrow,816,"violet yarrow birch ember harbor kestrel nova quartz tidal willow zephyr cedar, item 1641"
1642,cedar fable,853,"cedar fable iris lumen onyx river umber xenon amber delta glade juniper, item 1642"
1643,juniper maple,890,"juniper maple pine sable violet yarrow birch ember harbor kestrel nova quartz, item 1643"
1644,quartz tidal,927,"quartz tidal willow zephyr cedar fable iris lumen onyx river umber xenon, item 1644"
1645,xenon amber,964,"xenon amber delta glade juniper maple pine sable violet yarrow birch ember, item 1645"
1646,ember harbor,1001,"ember harbor kestrel nova quartz tidal willow zephyr cedar fable iris lumen, item 1646"
1647,lumen onyx,1038,"lumen onyx river umber xenon amber delta glade juniper maple pine sable, item 1647"
1648,sable violet,1075,"sable violet yarrow birch ember harbor kestrel nova quartz tidal willow zephyr, item 1648"
1649,zephyr cedar,1112,"zephyr cedar fable iris lumen onyx river umber xenon amber delta glade, item 1649"
1650,glade juniper,1149,"glade juniper maple pine sable violet yarrow birch ember harbor kestrel nova, item 1650"
1651,nova quartz,1186,"nova quartz tidal willow zephyr cedar fable iris lumen onyx river umber, item 1651"
1652,umber xenon,1223,"umber xenon amber delta glade juniper maple pine sable violet yarrow birch, item 1652"
1653,birch ember,1260,"birch ember harbor kestrel nova quartz tidal willow zephyr cedar fable iris, item 1653"
1654,iris lumen,1297,"iris lumen onyx river umber xenon amber delta glade juniper maple pine, item 1654"
1655,pine sable,1334,"pine sable violet yarrow birch ember harbor kestrel nova quartz tidal willow, item 1655"
1656,willow zephyr,1371,"willow zephyr cedar fable iris lumen onyx river umber xenon amber delta, item 1656"
1657,delta glade,1408,"delta glade juniper maple pine sable violet yarrow birch ember harbor kestrel, item 1657"
1658,kestrel nova,1445,"kestrel nova quartz tidal willow zephyr cedar fable iris lumen onyx river, item 1658"
1659,river umber,1482,"river umber xenon amber delta glade juniper maple pine sable violet yarrow, item 1659"
1660,yarrow birch,1519,"yarrow birch ember harbor kestrel nova quartz tidal willow zephyr cedar fable, item 1660"
1661,fable iris,1556,"fable iris lumen onyx river umber xenon amber delta glade juniper maple, item 1661"
1662,maple pine,1593,"maple pine sable violet yarrow birch ember harbor kestrel nova quartz tidal, item 1662"
1663,tidal willow,1630,"tidal willow zephyr cedar fable iris lumen onyx river umber xenon amber, item 1663"
1664,amber delta,1667,"amber delta glade juniper maple pine sable violet yarrow birch ember harbor, item 1664"
1665,harbor kestrel,1704,"harbor kestrel nova quartz tidal willow zephyr cedar fable iris lumen onyx, item 1665"
1666,onyx river,1741,"onyx river umber xenon amber delta glade juniper maple pine sable violet, item 1666"
1667,violet yarrow,1778,"violet yarrow birch ember harbor kestrel nova quartz tidal willow zephyr cedar, item 1667"
1668,cedar fable,1815,"cedar fable iris lumen onyx river umber xenon amber delta glade juniper, item 1668"
1669,juniper maple,1852,"juniper maple pine sable violet yarrow birch ember harbor kestrel nova quartz, item 1669"
1670,quartz tidal,1889,"quartz tidal willow zephyr cedar fable iris lumen onyx river umber xenon, item 1670"
1671,xenon amber,1926,"xenon amber delta glade juniper maple pine sable violet yarrow birch ember, item 1671"
1672,ember harbor,1963,"ember harbor kestrel nova quartz tidal willow zephyr cedar fable iris lumen, item 1672"
1673,lumen onyx,2000,"lumen onyx river umber xenon amber delta glade juniper maple pine sable, item 1673"
1674,sable violet,2037,"sable violet yarrow birch ember harbor kestrel nova quartz tidal willow zephyr, item 1674"
1675,zephyr cedar,2074,"zephyr cedar fable iris lumen onyx river umber xenon amber delta glade, item 1675"
1676,glade juniper,2111,"glade juniper maple pine sable violet yarrow birch ember harbor kestrel nova, item 1676"
1677,nova quartz,2148,"nova quartz tidal willow zephyr cedar fable iris lumen onyx river umber, item 1677"
1678,umber xenon,2185,"umber xenon amber delta glade juniper maple pine sable violet yarrow birch, item 1678"
1679,birch ember,2222,"birch ember harbor kestrel nova quartz tidal willow zephyr cedar fable iris, item 1679"
1680,iris lumen,2259,"iris lumen onyx river umber xenon amber delta glade juniper maple pine, item 1680"
1681,pine sable,2296,"pine sable violet yarrow birch ember harbor kestrel nova quartz tidal willow, item 1681"
1682,willow zephyr,2333,"willow zephyr cedar fable iris lumen onyx river umber xenon amber delta, item 1682"
1683,delta glade,2370,"delta glade juniper maple pine sable violet yarrow birch ember harbor kestrel, item 1683"
1684,kestrel nova,2407,"kestrel nova quartz tidal willow zephyr cedar fable iris lumen onyx river, item 1684"
1685,river umber,2444,"river umber xenon amber delta glade juniper maple pine sable violet yarrow, item 1685"
1686,yarrow birch,2481,"yarrow birch ember harbor kestrel nova quartz tidal willow zephyr cedar fable, item 1686"
1687,fable iris,2518,"fable iris lumen onyx river umber xenon amber delta glade juniper maple, item 1687"
1688,maple pine,2555,"maple pine sable violet yarrow birch ember harbor kestrel nova quartz tidal, item 1688"
1689,tidal willow,2592,"tidal willow zephyr cedar fable iris lumen onyx river umber xenon amber, item 1689"
1690,amber delta,2629,"amber delta glade juniper maple pine sable violet yarrow birch ember harbor, item 1690"
1691,harbor kestrel,2666,"harbor kestrel nova quartz tidal willow zephyr cedar fable iris lumen onyx, item 1691"
1692,onyx river,2703,"onyx river umber xenon amber delta glade juniper maple pine sable violet, item 1692"
1693,violet yarrow,2740,"violet yarrow birch ember harbor kestrel nova quartz tidal willow zephyr cedar, item 1693"
1694,cedar fable,2777,"cedar fable iris lumen onyx river umber xenon amber delta glade juniper, item 1694"
1695,juniper maple,2814,"juniper maple pine sable violet yarrow birch ember harbor kestrel nova quartz, item 1695"
1696,quartz tidal,2851,"quartz tidal willow zephyr cedar fable iris lumen onyx river umber xenon, item 1696"
1697,xenon amber,2888,"xenon amber delta glade juniper maple pine sable violet yarrow birch ember, item 1697"
1698,ember harbor,2925,"ember harbor kestrel nova quartz tidal willow zephyr cedar fable iris lumen, item 1698"
1699,lumen onyx,2962,"lumen onyx river umber xenon amber delta glade juniper maple pine sable, item 1699"
1700,sable violet,2999,"sable violet yarrow birch ember harbor kestrel nova quartz tidal willow zephyr, item 1700"
1701,zephyr cedar,3036,"zephyr cedar fable iris lumen onyx river umber xenon amber delta glade, item 1701"
1702,glade juniper,3073,"glade juniper maple pine sable violet yarrow birch ember harbor kestrel nova, item 1702"
1703,nova quartz,3110,"nova quartz tidal willow zephyr cedar fable iris lumen onyx river umber, item 1703"
1704,umber xenon,3147,"umber xenon amber delta glade juniper maple pine sable violet yarrow birch, item 1704"
1705,birch ember,3184,"birch ember harbor kestrel nova quartz tidal willow zephyr cedar fable iris, item 1705"
1706,iris lumen,3221,"iris lumen onyx river umber xenon amber delta glade juniper maple pine, item 1706"
1707,pine sable,3258,"pine sable violet yarrow birch ember harbor kestrel nova quartz tidal willow, item 1707"
1708,willow zephyr,3295,"willow zephyr cedar fable iris lumen onyx river umber xenon amber delta, item 1708"
1709,delta glade,3332,"delta glade juniper maple pine sable violet yarrow birch ember harbor kestrel, item 1709"
1710,kestrel nova,3369,"kestrel nova quartz tidal willow zephyr cedar fable iris lumen onyx river, item 1710"
1711,river umber,3406,"river umber xenon amber delta glade juniper maple pine sable violet yarrow, item 1711"
1712,yarrow birch,3443,"yarrow birch ember harbor kestrel nova quartz tidal willow zephyr cedar fable, item 1712"
1713,fable iris,3480,"fable iris lumen onyx river umber xenon amber delta glade juniper maple, item 1713"
1714,maple pine,3517,"maple pine sable violet yarrow birch ember harbor kestrel nova quartz tidal, item 1714"
1715,tidal willow,3554,"tidal willow zephyr cedar fable iris lumen onyx river umber xenon amber, item 1715"
1716,amber delta,3591,"amber delta glade juniper maple pine sable violet yarrow birch ember harbor, item 1716"
1717,harbor kestrel,3628,"harbor kestrel nova quartz tidal willow zephyr cedar fable iris lumen onyx, item 1717"
1718,onyx river,3665,"onyx river umber xenon amber delta glade juniper maple pine sable violet, item 1718"
1719,violet yarrow,3702,"violet yarrow birch ember harbor kestrel nova quartz tidal willow zephyr cedar, item 1719"
1720,cedar fable,3739,"cedar fable iris lumen onyx river umber xenon amber delta glade juniper, item 1720"
1721,juniper maple,3776,"juniper maple pine sable violet yarrow birch ember harbor kestrel nova quartz, item 1721"
1722,quartz tidal,3813,"quartz tidal willow zephyr cedar fable iris lumen onyx river umber xenon, item 1722"
1723,xenon amber,3850,"xenon amber delta glade juniper maple pine sable violet yarrow birch ember, item 1723"
1724,ember harbor,3887,"ember harbor kestrel nova quartz tidal willow zephyr cedar fable iris lumen, item 1724"
1725,lumen onyx,3924,"lumen onyx river umber xenon amber delta glade juniper maple pine sable, item 1725"
1726,sable violet,3961,"sable violet yarrow birch ember harbor kestrel nova quartz tidal willow zephyr, item 1726"
1727,zephyr cedar,3998,"zephyr cedar fable iris lumen onyx river umber xenon amber delta glade, item 1727"
1728,glade juniper,4035,"glade juniper maple pine sable violet yarrow birch ember harbor kestrel nova, item 1728"
1729,nova quartz,4072,"nova quartz tidal willow zephyr cedar fable iris lumen onyx river umber, item 1729"
1730,umber xenon,4109,"umber xenon amber delta glade juniper maple pine sable violet yarrow birch, item 1730"
1731,birch ember,4146,"birch ember harbor kestrel nova quartz tidal willow zephyr cedar fable iris, item 1731"
1732,iris lumen,4183,"iris lumen onyx river umber xenon amber delta glade juniper maple pine, item 1732"
1733,pine sable,4220,"pine sable violet yarrow birch ember harbor kestrel nova quartz tidal willow, item 1733"
1734,willow zephyr,4257,"willow zephyr cedar fable iris lumen onyx river umber xenon amber delta, item 1734"
1735,delta glade,4294,"delta glade juniper maple pine sable violet yarrow birch ember harbor kestrel, item 1735"
1736,kestrel nova,4331,"kestrel nova quartz tidal willow zephyr cedar fable iris lumen onyx river, item 1736"
1737,river umber,4368,"river umber xenon amber delta glade juniper maple pine sable violet yarrow, item 1737"
1738,yarrow birch,4405,"yarrow birch ember harbor kestrel nova quartz tidal willow zephyr cedar fable, item 1738"
1739,fable iris,4442,"fable iris lumen onyx river umber xenon amber delta glade juniper maple, item 1739"
1740,maple pine,4479,"maple pine sable violet yarrow birch ember harbor kestrel nova quartz tidal, item 1740"
1741,tidal willow,4516,"tidal willow zephyr cedar fable iris lumen onyx river umber xenon amber, item 1741"
1742,amber delta,4553,"amber delta glade juniper maple pine sable violet yarrow birch ember harbor, item 1742"
1743,harbor kestrel,4590,"harbor kestrel nova quartz tidal willow zephyr cedar fable iris lumen onyx, item 1743"
1744,onyx river,4627,"onyx river umber xenon amber delta glade juniper maple pine sable violet, item 1744"
1745,violet yarrow,4664,"violet yarrow birch ember harbor kestrel nova quartz tidal willow zephyr cedar, item 1745"
1746,cedar fable,4701,"cedar fable iris lumen onyx river umber xenon amber delta glade juniper, item 1746"
1747,juniper maple,4738,"juniper maple pine sable violet yarrow birch ember harbor kestrel nova quartz, item 1747"
1748,quartz tidal,4775,"quartz tidal willow zephyr cedar fable iris lumen onyx river umber xenon, item 1748"
1749,xenon amber,4812,"xenon amber delta glade juniper maple pine sable violet yarrow birch ember, item 1749"
1750,ember harbor,4849,"ember harbor kestrel nova quartz tidal willow zephyr cedar fable iris lumen, item 1750"
1751,lumen onyx,4886,"lumen onyx river umber xenon amber delta glade juniper maple pine sable, item 1751"
1752,sable violet,4923,"sable violet yarrow birch ember harbor kestrel nova quartz tidal willow zephyr, item 1752"
1753,zephyr cedar,4960,"zephyr cedar fable iris lumen onyx river umber xenon amber delta glade, item 1753"
1754,glade juniper,4997,"glade juniper maple pine sable violet yarrow birch ember harbor kestrel nova, item 1754"
1755,nova quartz,5034,"nova quartz tidal willow zephyr cedar fable iris lumen onyx river umber, item 1755"
1756,umber xenon,5071,"umber xenon amber delta glade juniper maple pine sable violet yarrow birch, item 1756"
1757,birch ember,5108,"birch ember harbor kestrel nova quartz tidal willow zephyr cedar fable iris, item 1757"
1758,iris lumen,5145,"iris lumen onyx river umber xenon amber delta glade juniper maple pine, item 1758"
1759,pine sable,5182,"pine sable violet yarrow birch ember harbor kestrel nova quartz tidal willow, item 1759"
1760,willow zephyr,5219,"willow zephyr cedar fable iris lumen onyx river umber xenon amber delta, item 1760"
1761,delta glade,5256,"delta glade juniper maple pine sable violet yarrow birch ember harbor kestrel, item 1761"
1762,kestrel nova,5293,"kestrel nova quartz tidal willow zephyr cedar fable iris lumen onyx river, item 1762"
1763,river umber,5330,"river umber xenon amber delta glade juniper maple pine sable violet yarrow, item 1763"
1764,yarrow birch,5367,"yarrow birch ember harbor kestrel nova quartz tidal willow zephyr cedar fable, item 1764"
1765,fable iris,5404,"fable iris lumen onyx river umber xenon amber delta glade juniper maple, item 1765"
1766,maple pine,5441,"maple pine sable violet yarrow birch ember harbor kestrel nova quartz tidal, item 1766"
1767,tidal willow,5478,"tidal willow zephyr cedar fable iris lumen onyx river umber xenon amber, item 1767"
1768,amber delta,5515,"amber delta glade juniper maple pine sable violet yarrow birch ember harbor, item 1768"
1769,harbor kestrel,5552,"harbor kestrel nova quartz tidal willow zephyr cedar fable iris lumen onyx, item 1769"
1770,onyx river,5589,"onyx river umber xenon amber delta glade juniper maple pine sable violet, item 1770"
1771,violet yarrow,5626,"violet yarrow birch ember harbor kestrel nova quartz tidal willow zephyr cedar, item 1771"
1772,cedar fable,5663,"cedar fable iris lumen onyx river umber xenon amber delta glade juniper, item 1772"
1773,juniper maple,5700,"juniper maple pine sable violet yarrow birch ember harbor kestrel nova quartz, item 1773"
1774,quartz tidal,5737,"quartz tidal willow zephyr cedar fable iris lumen onyx river umber xenon, item 1774"
1775,xenon amber,5774,"xenon amber delta glade juniper maple pine sable violet yarrow birch ember, item 1775"
1776,ember harbor,5811,"ember harbor kestrel nova quartz tidal willow zephyr cedar fable iris lumen, item 1776"
1777,lumen onyx,5848,"lumen onyx river umber xenon amber delta glade juniper maple pine sable, item 1777"
1778,sable violet,5885,"sable violet yarrow birch ember harbor kestrel nova quartz tidal willow zephyr, item 1778"
1779,zephyr cedar,5922,"zephyr cedar fable iris lumen onyx river umber xenon amber delta glade, item 1779"
1780,glade juniper,5959,"glade juniper maple pine sable violet yarrow birch ember harbor kestrel nova, item 1780"
1781,nova quartz,5996,"nova quartz tidal willow zephyr cedar fable iris lumen onyx river umber, item 1781"
1782,umber xenon,6033,"umber xenon amber delta glade juniper maple pine sable violet yarrow birch, item 1782"
1783,birch ember,6070,"birch ember harbor kestrel nova quartz tidal willow zephyr cedar fable iris, item 1783"
1784,iris lumen,6107,"iris lumen onyx river umber xenon amber delta glade juniper maple pine, item 1784"
1785,pine sable,6144,"pine sable violet yarrow birch ember harbor kestrel nova quartz tidal willow, item 1785"
1786,willow zephyr,6181,"willow zephyr cedar fable iris lumen onyx river umber xenon amber delta, item 1786"
1787,delta glade,6218,"delta glade juniper maple pine sable violet yarrow birch ember harbor kestrel, item 1787"
1788,kestrel nova,6255,"kestrel nova quartz tidal willow zephyr cedar fable iris lumen onyx river, item 1788"
1789,river umber,6292,"river umber xenon amber delta glade juniper maple pine sable violet yarrow, item 1789"
1790,yarrow birch,6329,"yarrow birch ember harbor kestrel nova quartz tidal willow zephyr cedar fable, item 1790"
1791,fable iris,6366,"fable iris lumen onyx river umber xenon amber delta glade juniper maple, item 1791"
1792,maple pine,6403,"maple pine sable violet yarrow birch ember harbor kestrel nova quartz tidal, item 1792"
1793,tidal willow,6440,"tidal willow zephyr cedar fable iris lumen onyx river umber xenon amber, item 1793"
1794,amber delta,6477,"amber delta glade juniper maple pine sable violet yarrow birch ember harbor, item 1794"
1795,harbor kestrel,6514,"harbor kestrel nova quartz tidal willow zephyr cedar fable iris lumen onyx, item 1795"
1796,onyx river,6551,"onyx river umber xenon amber delta glade juniper maple pine sable violet, item 1796"
1797,violet yarrow,6588,"violet yarrow birch ember harbor kestrel nova quartz tidal willow zephyr cedar, item 1797"
1798,cedar fable,6625,"cedar fable iris lumen onyx river umber xenon amber delta glade juniper, item 1798"
1799,juniper maple,6662,"juniper maple pine sable violet yarrow birch ember harbor kestrel nova quartz, item 1799"
1800,quartz tidal,6699,"quartz tidal willow zephyr cedar fable iris lumen onyx river umber xenon, item 1800"
1801,xenon amber,6736,"xenon amber delta glade juniper maple pine sable violet yarrow birch ember, item 1801"
1802,ember harbor,6773,"ember harbor kestrel nova quartz tidal willow zephyr cedar fable iris lumen, item 1802"
1803,lumen onyx,6810,"lumen onyx river umber xenon amber delta glade juniper maple pine sable, item 1803"
1804,sable violet,6847,"sable violet yarrow birch ember harbor kestrel nova quartz tidal willow zephyr, item 1804"
1805,zephyr cedar,6884,"zephyr cedar fable iris lumen onyx river umber xenon amber delta glade, item 1805"
1806,glade juniper,6921,"glade juniper maple pine sable violet yarrow birch ember harbor kestrel nova, item 1806"
1807,nova quartz,6958,"nova quartz tidal willow zephyr cedar fable iris lumen onyx river umber, item 1807"
1808,umber xenon,6995,"umber xenon amber delta glade juniper maple pine sable violet yarrow birch, item 1808"
1809,birch ember,7032,"birch ember harbor kestrel nova quartz tidal willow zephyr cedar fable iris, item 1809"
1810,iris lumen,7069,"iris lumen onyx river umber xenon amber delta glade juniper maple pine, item 1810"
1811,pine sable,7106,"pine sable violet yarrow birch ember harbor kestrel nova quartz tidal willow, item 1811"
1812,willow zephyr,7143,"willow zephyr cedar fable iris lumen onyx river umber xenon amber delta, item 1812"
1813,delta glade,7180,"delta glade juniper maple pine sable violet yarrow birch ember harbor kestrel, item 1813"
1814,kestrel nova,7217,"kestrel nova quartz tidal willow zephyr cedar fable iris lumen onyx river, item 1814"
1815,river umber,7254,"river umber xenon amber delta glade juniper maple pine sable violet yarrow, item 1815"
1816,yarrow birch,7291,"yarrow birch ember harbor kestrel nova quartz tidal willow zephyr cedar fable, item 1816"
1817,fable iris,7328,"fable iris lumen onyx river umber xenon amber delta glade juniper maple, item 1817"
1818,maple pine,7365,"maple pine sable violet yarrow birch ember harbor kestrel nova quartz tidal, item 1818"
1819,tidal willow,7402,"tidal willow zephyr cedar fable iris lumen onyx river umber xenon amber, item 1819"
1820,amber delta,7439,"amber delta glade juniper maple pine sable violet yarrow birch ember harbor, item 1820"
1821,harbor kestrel,7476,"harbor kestrel nova quartz tidal willow zephyr cedar fable iris lumen onyx, item 1821"
1822,onyx river,7513,"onyx river umber xenon amber delta glade juniper maple pine sable violet, item 1822"
1823,violet yarrow,7550,"violet yarrow birch ember harbor kestrel nova quartz tidal willow zephyr cedar, item 1823"
1824,cedar fable,7587,"cedar fable iris lumen onyx river umber xenon amber delta glade juniper, item 1824"
1825,juniper maple,7624,"juniper maple pine sable violet yarrow birch ember harbor kestrel nova quartz, item 1825"
1826,quartz tidal,7661,"quartz tidal willow zephyr cedar fable iris lumen onyx river umber xenon, item 1826"
1827,xenon amber,7698,"xenon amber delta glade juniper maple pine sable violet yarrow birch ember, item 1827"
1828,ember harbor,7735,"ember harbor kestrel nova quartz tidal willow zephyr cedar fable iris lumen, item 1828"
1829,lumen onyx,7772,"lumen onyx river umber xenon amber delta glade juniper maple pine sable, item 1829"
1830,sable violet,7809,"sable violet yarrow birch ember harbor kestrel nova quartz tidal willow zephyr, item 1830"
1831,zephyr cedar,7846,"zephyr cedar fable iris lumen onyx river umber xenon amber delta glade, item 1831"
1832,glade juniper,7883,"glade juniper maple pine sable violet yarrow birch ember harbor kestrel nova, item 1832"
1833,nova quartz,7920,"nova quartz tidal willow zephyr cedar fable iris lumen onyx river umber, item 1833"
1834,umber xenon,7957,"umber xenon amber delta glade juniper maple pine sable violet yarrow birch, item 1834"
1835,birch ember,7994,"birch ember harbor kestrel nova quartz tidal willow zephyr cedar fable iris, item 1835"
1836,iris lumen,8031,"iris lumen onyx river umber xenon amber delta glade juniper maple pine, item 1836"
1837,pine sable,8068,"pine sable violet yarrow birch ember harbor kestrel nova quartz tidal willow, item 1837"
1838,willow zephyr,8105,"willow zephyr cedar fable iris lumen onyx river umber xenon amber delta, item 1838"
1839,delta glade,8142,"delta glade juniper maple pine sable violet yarrow birch ember harbor kestrel, item 1839"
1840,kestrel nova,8179,"kestrel nova quartz tidal willow zephyr cedar fable iris lumen onyx river, item 1840"
1841,river umber,8216,"river umber xenon amber delta glade juniper maple pine sable violet yarrow, item 1841"
1842,yarrow birch,8253,"yarrow birch ember harbor kestrel nova quartz tidal willow zephyr cedar fable, item 1842"
1843,fable iris,8290,"fable iris lumen onyx river umber xenon amber delta glade juniper maple, item 1843"
1844,maple pine,8327,"maple pine sable violet yarrow birch ember harbor kestrel nova quartz tidal, item 1844"
1845,tidal willow,8364,"tidal willow zephyr cedar fable iris lumen onyx river umber xenon amber, item 1845"
1846,amber delta,8401,"amber delta glade juniper maple pine sable violet yarrow birch ember harbor, item 1846"
1847,harbor kestrel,8438,"harbor kestrel nova quartz tidal willow zephyr cedar fable iris lumen onyx, item 1847"
1848,onyx river,8475,"onyx river umber xenon amber delta glade juniper maple pine sable violet, item 1848"
1849,violet yarrow,8512,"violet yarrow birch ember harbor kestrel nova quartz tidal willow zephyr cedar, item 1849"
1850,cedar fable,8549,"cedar fable iris lumen onyx river umber xenon amber delta glade juniper, item 1850"
1851,juniper maple,8586,"juniper maple pine sable violet yarrow birch ember harbor kestrel nova quartz, item 1851"
1852,quartz tidal,8623,"quartz tidal willow zephyr cedar fable iris lumen onyx river umber xenon, item 1852"
1853,xenon amber,8660,"xenon amber delta glade juniper maple pine sable violet yarrow birch ember, item 1853"
1854,ember harbor,8697,"ember harbor kestrel nova quartz tidal willow zephyr cedar fable iris lumen, item 1854"
1855,lumen onyx,8734,"lumen onyx river umber xenon amber delta glade juniper maple pine sable, item 1855"
1856,sable violet,8771,"sable violet yarrow birch ember harbor kestrel nova quartz tidal willow zephyr, item 1856"
1857,zephyr cedar,8808,"zephyr cedar fable iris lumen onyx river umber xenon amber delta glade, item 1857"
1858,glade juniper,8845,"glade juniper maple pine sable violet yarrow birch ember harbor kestrel nova, item 1858"
1859,nova quartz,8882,"nova quartz tidal willow zephyr cedar fable iris lumen onyx river umber, item 1859"
1860,umber xenon,8919,"umber xenon amber delta glade juniper maple pine sable violet yarrow birch, item 1860"
1861,birch ember,8956,"birch ember harbor kestrel nova quartz tidal willow zephyr cedar fable iris, item 1861"
1862,iris lumen,8993,"iris lumen onyx river umber xenon amber delta glade juniper maple pine, item 1862"
1863,pine sable,9030,"pine sable violet yarrow birch ember harbor kestrel nova quartz tidal willow, item 1863"
1864,willow zephyr,9067,"willow zephyr cedar fable iris lumen onyx river umber xenon amber delta, item 1864"
1865,delta glade,9104,"delta glade juniper maple pine sable violet yarrow birch ember harbor kestrel, item 1865"
1866,kestrel nova,9141,"kestrel nova quartz tidal willow zephyr cedar fable iris lumen onyx river, item 1866"
1867,river umber,9178,"river umber xenon amber delta glade juniper maple pine sable violet yarrow, item 1867"
1868,yarrow birch,9215,"yarrow birch ember harbor kestrel nova quartz tidal willow zephyr cedar fable, item 1868"
1869,fable iris,9252,"fable iris lumen onyx river umber xenon amber delta glade juniper maple, item 1869"
1870,maple pine,9289,"maple pine sable violet yarrow birch ember harbor kestrel nova quartz tidal, item 1870"
1871,tidal willow,9326,"tidal willow zephyr cedar fable iris lumen onyx river umber xenon amber, item 1871"
1872,amber delta,9363,"amber delta glade juniper maple pine sable violet yarrow birch ember harbor, item 1872"
1873,harbor kestrel,9400,"harbor kestrel nova quartz tidal willow zephyr cedar fable iris lumen onyx, item 1873"
1874,onyx river,9437,"onyx river umber xenon amber delta glade juniper maple pine sable violet, item 1874"
1875,violet yarrow,9474,"violet yarrow birch ember harbor kestrel nova quartz tidal willow zephyr cedar, item 1875"
1876,cedar fable,9511,"cedar fable iris lumen onyx river umber xenon amber delta glade juniper, item 1876"
1877,juniper maple,9548,"juniper maple pine sable violet yarrow birch ember harbor kestrel nova quartz, item 1877"
1878,quartz tidal,9585,"quartz tidal willow zephyr cedar fable iris lumen onyx river umber xenon, item 1878"
1879,xenon amber,9622,"xenon amber delta glade juniper maple pine sable violet yarrow birch ember, item 1879"
1880,ember harbor,9659,"ember harbor kestrel nova quartz tidal willow zephyr cedar fable iris lumen, item 1880"
1881,lumen onyx,9696,"lumen onyx river umber xenon amber delta glade juniper maple pine sable, item 1881"
1882,sable violet,9733,"sable violet yarrow birch ember harbor kestrel nova quartz tidal willow zephyr, item 1882"
1883,zephyr cedar,9770,"zephyr cedar fable iris lumen onyx river umber xenon amber delta glade, item 1883"
1884,glade juniper,9807,"glade juniper maple pine sable violet yarrow birch ember harbor kestrel nova, item 1884"
1885,nova quartz,9844,"nova quartz tidal willow zephyr cedar fable iris lumen onyx river umber, item 1885"
1886,umber xenon,9881,"umber xenon amber delta glade juniper maple pine sable violet yarrow birch, item 1886"
1887,birch ember,9918,"birch ember harbor kestrel nova quartz tidal willow zephyr cedar fable iris, item 1887"
1888,iris lumen,9955,"iris lumen onyx river umber xenon amber delta glade juniper maple pine, item 1888"
1889,pine sable,9992,"pine sable violet yarrow birch ember harbor kestrel nova quartz tidal willow, item 1889"
1890,willow zephyr,10029,"willow zephyr cedar fable iris lumen onyx river umber xenon amber delta, item 1890"
1891,delta glade,10066,"delta glade juniper maple pine sable violet yarrow birch ember harbor kestrel, item 1891"
1892,kestrel nova,103,"kestrel nova quartz tidal willow zephyr cedar fable iris lumen onyx river, item 1892"
1893,river umber,140,"river umber xenon amber delta glade juniper maple pine sable violet yarrow, item 1893"
1894,yarrow birch,177,"yarrow birch ember harbor kestrel nova quartz tidal willow zephyr cedar fable, item 1894"
1895,fable iris,214,"fable iris lumen onyx river umber xenon amber delta glade juniper maple, item 1895"
1896,maple pine,251,"maple pine sable violet yarrow birch ember harbor kestrel nova quartz tidal, item 1896"
1897,tidal willow,288,"tidal willow zephyr cedar fable iris lumen onyx river umber xenon amber, item 1897"
1898,amber delta,325,"amber delta glade juniper maple pine sable violet yarrow birch ember harbor, item 1898"
1899,harbor kestrel,362,"harbor kestrel nova quartz tidal willow zephyr cedar fable iris lumen onyx, item 1899"
1900,onyx river,399,"onyx river umber xenon amber delta glade juniper maple pine sable violet, item 1900"
1901,violet yarrow,436,"violet yarrow birch ember harbor kestrel nova quartz tidal willow zephyr cedar, item 1901"
1902,cedar fable,473,"cedar fable iris lumen onyx river umber xenon amber delta glade juniper, item 1902"
1903,juniper maple,510,"juniper maple pine sable violet yarrow birch ember harbor kestrel nova quartz, item 1903"
1904,quartz tidal,547,"quartz tidal willow zephyr cedar fable iris lumen onyx river umber xenon, item 1904"
1905,xenon amber,584,"xenon amber delta glade juniper maple pine sable violet yarrow birch ember, item 1905"
1906,ember harbor,621,"ember harbor kestrel nova quartz tidal willow zephyr cedar fable iris lumen, item 1906"
1907,lumen onyx,658,"lumen onyx river umber xenon amber delta glade juniper maple pine sable, item 1907"
1908,sable violet,695,"sable violet yarrow birch ember harbor kestrel nova quartz tidal willow zephyr, item 1908"
1909,zephyr cedar,732,"zephyr cedar fable iris lumen onyx river umber xenon amber delta glade, item 1909"
1910,glade juniper,769,"glade juniper maple pine sable violet yarrow birch ember harbor kestrel nova, item 1910"
1911,nova quartz,806,"nova quartz tidal willow zephyr cedar fable iris lumen onyx river umber, item 1911"
1912,umber xenon,843,"umber xenon amber delta glade juniper maple pine sable violet yarrow birch, item 1912"
1913,birch ember,880,"birch ember harbor kestrel nova quartz tidal willow zephyr cedar fable iris, item 1913"
1914,iris lumen,917,"iris lumen onyx river umber xenon amber delta glade juniper maple pine, item 1914"
1915,pine sable,954,"pine sable violet yarrow birch ember harbor kestrel nova quartz tidal willow, item 1915"
1916,willow zephyr,991,"willow zephyr cedar fable iris lumen onyx river umber xenon amber delta, item 1916"
1917,delta glade,1028,"delta glade juniper maple pine sable violet yarrow birch ember harbor kestrel, item 1917"
1918,kestrel nova,1065,"kestrel nova quartz tidal willow zephyr cedar fable iris lumen onyx river, item 1918"
1919,river umber,1102,"river umber xenon amber delta glade juniper maple pine sable violet yarrow, item 1919"
1920,yarrow birch,1139,"yarrow birch ember harbor kestrel nova quartz tidal willow zephyr cedar fable, item 1920"
1921,fable iris,1176,"fable iris lumen onyx river umber xenon amber delta glade juniper maple, item 1921"
1922,maple pine,1213,"maple pine sable violet yarrow birch ember harbor kestrel nova quartz tidal, item 1922"
1923,tidal willow,1250,"tidal willow zephyr cedar fable iris lumen onyx river umber xenon amber, item 1923"
1924,amber delta,1287,"amber delta glade juniper maple pine sable violet yarrow birch ember harbor, item 1924"
1925,harbor kestrel,1324,"harbor kestrel nova quartz tidal willow zephyr cedar fable iris lumen onyx, item 1925"
1926,onyx river,1361,"onyx river umber xenon amber delta glade juniper maple pine sable violet, item 1926"
1927,violet yarrow,1398,"violet yarrow birch ember harbor kestrel nova quartz tidal willow zephyr cedar, item 1927"
1928,cedar fable,1435,"cedar fable iris lumen onyx river umber xenon amber delta glade juniper, item 1928"
1929,juniper maple,1472,"juniper maple pine sable violet yarrow birch ember harbor kestrel nova quartz, item 1929"
1930,quartz tidal,1509,"quartz tidal willow zephyr cedar fable iris lumen onyx river umber xenon, item 1930"
1931,xenon amber,1546,"xenon amber delta glade juniper maple pine sable violet yarrow birch ember, item 1931"
1932,ember harbor,1583,"ember harbor kestrel nova quartz tidal willow zephyr cedar fable iris lumen, item 1932"
1933,lumen onyx,1620,"lumen onyx river umber xenon amber delta glade juniper maple pine sable, item 1933"
1934,sable violet,1657,"sable violet yarrow birch ember harbor kestrel nova quartz tidal willow zephyr, item 1934"
1935,zephyr cedar,1694,"zephyr cedar fable iris lumen onyx river umber xenon amber delta glade, item 1935"
1936,glade juniper,1731,"glade juniper maple pine sable violet yarrow birch ember harbor kestrel nova, item 1936"
1937,nova quartz,1768,"nova quartz tidal willow zephyr cedar fable iris lumen onyx river umber, item 1937"
1938,umber xenon,1805,"umber xenon amber delta glade juniper maple pine sable violet yarrow birch, item 1938"
1939,birch ember,1842,"birch ember harbor kestrel nova quartz tidal willow zephyr cedar fable iris, item 1939"
1940,iris lumen,1879,"iris lumen onyx river umber xenon amber delta glade juniper maple pine, item 1940"
1941,pine sable,1916,"pine sable violet yarrow birch ember harbor kestrel nova quartz tidal willow, item 1941"
1942,willow zephyr,1953,"willow zephyr cedar fable iris lumen onyx river umber xenon amber delta, item 1942"
1943,delta glade,1990,"delta glade juniper maple pine sable violet yarrow birch ember harbor kestrel, item 1943"
1944,kestrel nova,2027,"kestrel nova quartz tidal willow zephyr cedar fable iris lumen onyx river, item 1944"
1945,river umber,2064,"river umber xenon amber delta glade juniper maple pine sable violet yarrow, item 1945"
1946,yarrow birch,2101,"yarrow birch ember harbor kestrel nova quartz tidal willow zephyr cedar fable, item 1946"
1947,fable iris,2138,"fable iris lumen onyx river umber xenon amber delta glade juniper maple, item 1947"
1948,maple pine,2175,"maple pine sable violet yarrow birch ember harbor kestrel nova quartz tidal, item 1948"
1949,tidal willow,2212,"tidal willow zephyr cedar fable iris lumen onyx river umber xenon amber, item 1949"
1950,amber delta,2249,"amber delta glade juniper maple pine sable violet yarrow birch ember harbor, item 1950"
1951,harbor kestrel,2286,"harbor kestrel nova quartz tidal willow zephyr cedar fable iris lumen onyx, item 1951"
1952,onyx river,2323,"onyx river umber xenon amber delta glade juniper maple pine sable violet, item 1952"
1953,violet yarrow,2360,"violet yarrow birch ember harbor kestrel nova quartz tidal willow zephyr cedar, item 1953"
1954,cedar fable,2397,"cedar fable iris lumen onyx river umber xenon amber delta glade juniper, item 1954"
1955,juniper maple,2434,"juniper maple pine sable violet yarrow birch ember harbor kestrel nova quartz, item 1955"
1956,quartz tidal,2471,"quartz tidal willow zephyr cedar fable iris lumen onyx river umber xenon, item 1956"
1957,xenon amber,2508,"xenon amber delta glade juniper maple pine sable violet yarrow birch ember, item 1957"
1958,ember harbor,2545,"ember harbor kestrel nova quartz tidal willow zephyr cedar fable iris lumen, item 1958"
1959,lumen onyx,2582,"lumen onyx river umber xenon amber delta glade juniper maple pine sable, item 1959"
1960,sable violet,2619,"sable violet yarrow birch ember harbor kestrel nova quartz tidal willow zephyr, item 1960"
1961,zephyr cedar,2656,"zephyr cedar fable iris lumen onyx river umber xenon amber delta glade, item 1961"
1962,glade juniper,2693,"glade juniper maple pine sable violet yarrow birch ember harbor kestrel nova, item 1962"
1963,nova quartz,2730,"nova quartz tidal willow zephyr cedar fable iris lumen onyx river umber, item 1963"
1964,umber xenon,2767,"umber xenon amber delta glade juniper maple pine sable violet yarrow birch, item 1964"
1965,birch ember,2804,"birch ember harbor kestrel nova quartz tidal willow zephyr cedar fable iris, item 1965"
1966,iris lumen,2841,"iris lumen onyx river umber xenon amber delta glade juniper maple pine, item 1966"
1967,pine sable,2878,"pine sable violet yarrow birch ember harbor kestrel nova quartz tidal willow, item 1967"
1968,willow zephyr,2915,"willow zephyr cedar fable iris lumen onyx river umber xenon amber delta, item 1968"
1969,delta glade,2952,"delta glade juniper maple pine sable violet yarrow birch ember harbor kestrel, item 1969"
1970,kestrel nova,2989,"kestrel nova quartz tidal willow zephyr cedar fable iris lumen onyx river, item 1970"
1971,river umber,3026,"river umber xenon amber delta glade juniper maple pine sable violet yarrow, item 1971"
1972,yarrow birch,3063,"yarrow birch ember harbor kestrel nova quartz tidal willow zephyr cedar fable, item 1972"
1973,fable iris,3100,"fable iris lumen onyx river umber xenon amber delta glade juniper maple, item 1973"
1974,maple pine,3137,"maple pine sable violet yarrow birch ember harbor kestrel nova quartz tidal, item 1974"
1975,tidal willow,3174,"tidal willow zephyr cedar fable iris lumen onyx river umber xenon amber, item 1975"
1976,amber delta,3211,"amber delta glade juniper maple pine sable violet yarrow birch ember harbor, item 1976"
1977,harbor kestrel,3248,"harbor kestrel nova quartz tidal willow zephyr cedar fable iris lumen onyx, item 1977"
1978,onyx river,3285,"onyx river umber xenon amber delta glade juniper maple pine sable violet, item 1978"
1979,violet yarrow,3322,"violet yarrow birch ember harbor kestrel nova quartz tidal willow zephyr cedar, item 1979"
1980,cedar fable,3359,"cedar fable iris lumen onyx river umber xenon amber delta glade juniper, item 1980"
1981,juniper maple,3396,"juniper maple pine sable violet yarrow birch ember harbor kestrel nova quartz, item 1981"
1982,quartz tidal,3433,"quartz tidal willow zephyr cedar fable iris lumen onyx river umber xenon, item 1982"
1983,xenon amber,3470,"xenon amber delta glade juniper maple pine sable violet yarrow birch ember, item 1983"
1984,ember harbor,3507,"ember harbor kestrel nova quartz tidal willow zephyr cedar fable iris lumen, item 1984"
1985,lumen onyx,3544,"lumen onyx river umber xenon amber delta glade juniper maple pine sable, item 1985"
1986,sable violet,3581,"sable violet yarrow birch ember harbor kestrel nova quartz tidal willow zephyr, item 1986"
1987,zephyr cedar,3618,"zephyr cedar fable iris lumen onyx river umber xenon amber delta glade, item 1987"
1988,glade juniper,3655,"glade juniper maple pine sable violet yarrow birch ember harbor kestrel nova, item 1988"
1989,nova quartz,3692,"nova quartz tidal willow zephyr cedar fable iris lumen onyx river umber, item 1989"
1990,umber xenon,3729,"umber xenon amber delta glade juniper maple pine sable violet yarrow birch, item 1990"
1991,birch ember,3766,"birch ember harbor kestrel nova quartz tidal willow zephyr cedar fable iris, item 1991"
1992,iris lumen,3803,"iris lumen onyx river umber xenon amber delta glade juniper maple pine, item 1992"
1993,pine sable,3840,"pine sable violet yarrow birch ember harbor kestrel nova quartz tidal willow, item 1993"
1994,willow zephyr,3877,"willow zephyr cedar fable iris lumen onyx river umber xenon amber delta, item 1994"
1995,delta glade,3914,"delta glade juniper maple pine sable violet yarrow birch ember harbor kestrel, item 1995"
1996,kestrel nova,3951,"kestrel nova quartz tidal willow zephyr cedar fable iris lumen onyx river, item 1996"
1997,river umber,3988,"river umber xenon amber delta glade juniper maple pine sable violet yarrow, item 1997"
1998,yarrow birch,4025,"yarrow birch ember harbor kestrel nova quartz tidal willow zephyr cedar fable, item 1998"
1999,fable iris,4062,"fable iris lumen onyx river umber xenon amber delta glade juniper maple, item 1999"
2000,maple pine,4099,"maple pine sable violet yarrow birch ember harbor kestrel nova quartz tidal, item 2000"
